2026-03-23 21:28:07 [INFO] ════════════════════════════════════════════════════════════
2026-03-23 21:28:07 [INFO]   NFPC Reports ETL
2026-03-23 21:28:07 [INFO]   Date range: 2025-10-01 to 2026-03-31
2026-03-23 21:28:07 [INFO]   Log file:   D:\vishwa\nfpc_winit\etl\logs\etl_20260323_212807.log
2026-03-23 21:28:07 [INFO] ════════════════════════════════════════════════════════════
2026-03-23 21:28:07 [INFO] Connecting to MSSQL...
2026-03-23 21:28:07 [INFO]   MSSQL connected
2026-03-23 21:28:07 [INFO] Connecting to PostgreSQL...
2026-03-23 21:28:09 [INFO]   PostgreSQL connected
2026-03-23 21:28:09 [INFO] 
──────────────────────────────────────────────────
2026-03-23 21:28:09 [INFO]   [1/16] Dimensions (6 simple tables) [░░░░░░░░░░░░░░░░░░░░] 0%
2026-03-23 21:28:09 [INFO]        Expected: ~2,000 rows
2026-03-23 21:28:10 [INFO]     dim_sales_org: 28 rows
2026-03-23 21:28:22 [INFO]     dim_route: 470 rows
2026-03-23 21:28:23 [INFO]     dim_channel: 15 rows
2026-03-23 21:28:24 [INFO]     dim_country: 2 rows
2026-03-23 21:28:25 [INFO]     dim_region: 3 rows
2026-03-23 21:28:26 [INFO]     dim_city: 10 rows
2026-03-23 21:28:26 [INFO]   [OK] 528 rows in 17.9s (29 rows/sec)
2026-03-23 21:28:26 [INFO]        Progress: 1/16 steps | Est. remaining: 5.0 min
2026-03-23 21:28:26 [INFO] 
──────────────────────────────────────────────────
2026-03-23 21:28:26 [INFO]   [2/16] dim_user (flat with roles/details/depot/location) [█░░░░░░░░░░░░░░░░░░░] 6%
2026-03-23 21:28:26 [INFO]        Expected: ~1,200 rows
2026-03-23 21:28:31 [INFO]     dim_user: 1133 rows
2026-03-23 21:28:31 [INFO]   [OK] 1,133 rows in 4.1s (275 rows/sec)
2026-03-23 21:28:31 [INFO]        Progress: 2/16 steps | Est. remaining: 2.8 min
2026-03-23 21:28:31 [INFO] 
──────────────────────────────────────────────────
2026-03-23 21:28:31 [INFO]   [3/16] dim_item (flat with groups + UOM) [██░░░░░░░░░░░░░░░░░░] 12%
2026-03-23 21:28:31 [INFO]        Expected: ~10,000 rows
2026-03-23 21:28:44 [INFO]     Deduped 9924 -> 4962 items
2026-03-23 21:28:44 [INFO]   [OK] 4,962 rows in 13.8s (360 rows/sec)
2026-03-23 21:28:44 [INFO]        Progress: 3/16 steps | Est. remaining: 2.7 min
2026-03-23 21:28:44 [INFO] 
──────────────────────────────────────────────────
2026-03-23 21:28:44 [INFO]   [4/16] dim_customer [███░░░░░░░░░░░░░░░░░] 19%
2026-03-23 21:28:44 [INFO]        Expected: ~120,000 rows
2026-03-23 21:33:27 [INFO]   [OK] 119,482 rows in 282.9s (422 rows/sec)
2026-03-23 21:33:27 [INFO]        Progress: 4/16 steps | Est. remaining: 16.0 min
2026-03-23 21:33:27 [INFO] 
──────────────────────────────────────────────────
2026-03-23 21:33:27 [INFO]   [5/16] rpt_holidays [█████░░░░░░░░░░░░░░░] 25%
2026-03-23 21:33:27 [INFO]        Expected: ~60 rows
2026-03-23 21:33:29 [INFO]   [OK] 58 rows in 2.0s (30 rows/sec)
2026-03-23 21:33:29 [INFO]        Progress: 5/16 steps | Est. remaining: 11.8 min
2026-03-23 21:33:29 [INFO] 
──────────────────────────────────────────────────
2026-03-23 21:33:29 [INFO]   [6/16] rpt_targets [██████░░░░░░░░░░░░░░] 31%
2026-03-23 21:33:29 [INFO]        Expected: ~100 rows
2026-03-23 21:33:30 [DEBUG]   SQL: 
        SELECT t.TargetId, t.TimeFrame, CAST(t.StartDate AS DATE), CAST(t.EndDate AS DATE),
            t.Year, t.Month, t.SalesmanCode, u.Description,
            t.RouteCode, rt.Name, t.SalesorgCod...
2026-03-23 21:33:30 [INFO]   Querying MSSQL (this may take a while for large tables)...
2026-03-23 21:33:30 [INFO]   MSSQL query returned in 0.1s - starting load...
2026-03-23 21:33:31 [INFO]   [OK] 162 rows in 1.4s (115 rows/sec)
2026-03-23 21:33:31 [INFO]        Progress: 6/16 steps | Est. remaining: 9.0 min
2026-03-23 21:33:31 [INFO] 
──────────────────────────────────────────────────
2026-03-23 21:33:31 [INFO]   [7/16] rpt_coverage_summary [███████░░░░░░░░░░░░░] 38%
2026-03-23 21:33:31 [INFO]        Expected: ~25,000 rows
2026-03-23 21:33:31 [DEBUG]   SQL: 
        SELECT cs.Id, CAST(cs.VisitDate AS DATE),
            cs.RouteCode, cs.RouteDescription, cs.UserCode, cs.UserDescription,
            rt.SalesOrgCode,
            cs.ScheduledCalls, cs.TotalA...
2026-03-23 21:33:31 [INFO]   Querying MSSQL (this may take a while for large tables)...
2026-03-23 21:33:31 [INFO]   MSSQL query returned in 0.0s - starting load...
2026-03-23 21:33:35 [INFO]              10,000 rows | 2,201 rows/sec | 5s elapsed | ETA 7s
2026-03-23 21:33:37 [INFO]              20,000 rows | 3,394 rows/sec | 6s elapsed | ETA 1s
2026-03-23 21:33:38 [INFO]              30,000 rows | 4,048 rows/sec | 7s elapsed | ETA 0s
2026-03-23 21:33:39 [INFO]              40,000 rows | 4,598 rows/sec | 9s elapsed | ETA 0s
2026-03-23 21:33:40 [INFO]   [OK] 43,790 rows in 9.6s (4,553 rows/sec)
2026-03-23 21:33:40 [INFO]        Progress: 7/16 steps | Est. remaining: 7.2 min
2026-03-23 21:33:40 [INFO] 
──────────────────────────────────────────────────
2026-03-23 21:33:40 [INFO]   [8/16] rpt_route_sales_collection [████████░░░░░░░░░░░░] 44%
2026-03-23 21:33:40 [INFO]        Expected: ~25,000 rows
2026-03-23 21:33:41 [DEBUG]   SQL: 
        SELECT rsc.Id, CAST(rsc.Date AS DATE),
            rsc.RouteCode, rsc.RouteDescription, rsc.UserCode, rsc.UserDescription,
            rt.SalesOrgCode,
            rsc.TotalSales, rsc.TotalCo...
2026-03-23 21:33:41 [INFO]   Querying MSSQL (this may take a while for large tables)...
2026-03-23 21:33:41 [INFO]   MSSQL query returned in 0.1s - starting load...
2026-03-23 21:33:43 [INFO]              10,000 rows | 4,619 rows/sec | 2s elapsed | ETA 3s
2026-03-23 21:33:44 [INFO]   [OK] 14,358 rows in 3.7s (3,901 rows/sec)
2026-03-23 21:33:44 [INFO]        Progress: 8/16 steps | Est. remaining: 5.6 min
2026-03-23 21:33:44 [INFO] 
──────────────────────────────────────────────────
2026-03-23 21:33:44 [INFO]   [9/16] rpt_route_sales_summary_by_item [██████████░░░░░░░░░░] 50%
2026-03-23 21:33:44 [INFO]        Expected: ~500,000 rows
2026-03-23 21:33:45 [DEBUG]   SQL: 
        SELECT CAST(R.Date AS DATE), R.RouteCode, RR.Name,
            R.UserCode, U.Description, RR.SalesOrgCode,
            R.ItemCode, I.Description, I.GroupLevel3, I.GroupLevel1,
            R.T...
2026-03-23 21:33:45 [INFO]   Querying MSSQL (this may take a while for large tables)...
2026-03-23 21:33:45 [INFO]   MSSQL query returned in 0.1s - starting load...
2026-03-23 21:33:47 [INFO]              10,000 rows | 3,586 rows/sec | 3s elapsed | ETA 137s
2026-03-23 21:33:49 [INFO]              20,000 rows | 4,477 rows/sec | 4s elapsed | ETA 107s
2026-03-23 21:33:50 [INFO]              30,000 rows | 5,117 rows/sec | 6s elapsed | ETA 92s
2026-03-23 21:33:51 [INFO]              40,000 rows | 5,526 rows/sec | 7s elapsed | ETA 83s
2026-03-23 21:33:53 [INFO]              50,000 rows | 5,798 rows/sec | 9s elapsed | ETA 78s
2026-03-23 21:33:54 [INFO]              60,000 rows | 5,995 rows/sec | 10s elapsed | ETA 73s
2026-03-23 21:33:55 [INFO]              70,000 rows | 6,132 rows/sec | 11s elapsed | ETA 70s
2026-03-23 21:33:57 [INFO]              80,000 rows | 6,215 rows/sec | 13s elapsed | ETA 68s
2026-03-23 21:33:58 [INFO]              90,000 rows | 6,294 rows/sec | 14s elapsed | ETA 65s
2026-03-23 21:34:00 [INFO]             100,000 rows | 6,350 rows/sec | 16s elapsed | ETA 63s
2026-03-23 21:34:01 [INFO]             110,000 rows | 6,406 rows/sec | 17s elapsed | ETA 61s
2026-03-23 21:34:03 [INFO]             120,000 rows | 6,448 rows/sec | 19s elapsed | ETA 59s
2026-03-23 21:34:04 [INFO]             130,000 rows | 6,493 rows/sec | 20s elapsed | ETA 57s
2026-03-23 21:34:06 [INFO]             140,000 rows | 6,513 rows/sec | 21s elapsed | ETA 55s
2026-03-23 21:34:07 [INFO]             150,000 rows | 6,548 rows/sec | 23s elapsed | ETA 53s
2026-03-23 21:34:08 [INFO]             160,000 rows | 6,576 rows/sec | 24s elapsed | ETA 52s
2026-03-23 21:34:10 [INFO]             170,000 rows | 6,608 rows/sec | 26s elapsed | ETA 50s
2026-03-23 21:34:11 [INFO]             180,000 rows | 6,641 rows/sec | 27s elapsed | ETA 48s
2026-03-23 21:34:13 [INFO]             190,000 rows | 6,667 rows/sec | 28s elapsed | ETA 46s
2026-03-23 21:34:14 [INFO]             200,000 rows | 6,630 rows/sec | 30s elapsed | ETA 45s
2026-03-23 21:34:16 [INFO]             210,000 rows | 6,658 rows/sec | 32s elapsed | ETA 44s
2026-03-23 21:34:17 [INFO]             220,000 rows | 6,680 rows/sec | 33s elapsed | ETA 42s
2026-03-23 21:34:18 [INFO]             230,000 rows | 6,701 rows/sec | 34s elapsed | ETA 40s
2026-03-23 21:34:21 [INFO]             240,000 rows | 6,430 rows/sec | 37s elapsed | ETA 40s
2026-03-23 21:34:23 [INFO]             250,000 rows | 6,455 rows/sec | 39s elapsed | ETA 39s
2026-03-23 21:34:24 [INFO]             260,000 rows | 6,472 rows/sec | 40s elapsed | ETA 37s
2026-03-23 21:34:26 [INFO]             270,000 rows | 6,490 rows/sec | 42s elapsed | ETA 35s
2026-03-23 21:34:27 [INFO]             280,000 rows | 6,507 rows/sec | 43s elapsed | ETA 34s
2026-03-23 21:34:29 [INFO]             290,000 rows | 6,521 rows/sec | 44s elapsed | ETA 32s
2026-03-23 21:34:30 [INFO]             300,000 rows | 6,535 rows/sec | 46s elapsed | ETA 31s
2026-03-23 21:34:31 [INFO]             310,000 rows | 6,550 rows/sec | 47s elapsed | ETA 29s
2026-03-23 21:34:33 [INFO]             320,000 rows | 6,568 rows/sec | 49s elapsed | ETA 27s
2026-03-23 21:34:34 [INFO]             330,000 rows | 6,574 rows/sec | 50s elapsed | ETA 26s
2026-03-23 21:34:36 [INFO]             340,000 rows | 6,588 rows/sec | 52s elapsed | ETA 24s
2026-03-23 21:34:37 [INFO]             350,000 rows | 6,597 rows/sec | 53s elapsed | ETA 23s
2026-03-23 21:34:39 [INFO]             360,000 rows | 6,609 rows/sec | 54s elapsed | ETA 21s
2026-03-23 21:34:40 [INFO]             370,000 rows | 6,616 rows/sec | 56s elapsed | ETA 20s
2026-03-23 21:34:41 [INFO]             380,000 rows | 6,628 rows/sec | 57s elapsed | ETA 18s
2026-03-23 21:34:43 [INFO]             390,000 rows | 6,638 rows/sec | 59s elapsed | ETA 17s
2026-03-23 21:34:44 [INFO]             400,000 rows | 6,646 rows/sec | 60s elapsed | ETA 15s
2026-03-23 21:34:46 [INFO]             410,000 rows | 6,657 rows/sec | 62s elapsed | ETA 14s
2026-03-23 21:34:47 [INFO]             420,000 rows | 6,668 rows/sec | 63s elapsed | ETA 12s
2026-03-23 21:34:48 [INFO]             430,000 rows | 6,678 rows/sec | 64s elapsed | ETA 10s
2026-03-23 21:34:52 [INFO]             440,000 rows | 6,516 rows/sec | 68s elapsed | ETA 9s
2026-03-23 21:34:53 [INFO]             450,000 rows | 6,529 rows/sec | 69s elapsed | ETA 8s
2026-03-23 21:34:54 [INFO]             460,000 rows | 6,542 rows/sec | 70s elapsed | ETA 6s
2026-03-23 21:34:56 [INFO]             470,000 rows | 6,552 rows/sec | 72s elapsed | ETA 5s
2026-03-23 21:34:57 [INFO]             480,000 rows | 6,563 rows/sec | 73s elapsed | ETA 3s
2026-03-23 21:34:59 [INFO]             490,000 rows | 6,576 rows/sec | 75s elapsed | ETA 2s
2026-03-23 21:35:00 [INFO]             500,000 rows | 6,585 rows/sec | 76s elapsed | ETA 0s
2026-03-23 21:35:01 [INFO]             510,000 rows | 6,598 rows/sec | 77s elapsed | ETA 0s
2026-03-23 21:35:03 [INFO]             520,000 rows | 6,608 rows/sec | 79s elapsed | ETA 0s
2026-03-23 21:35:04 [INFO]             530,000 rows | 6,615 rows/sec | 80s elapsed | ETA 0s
2026-03-23 21:35:06 [INFO]             540,000 rows | 6,623 rows/sec | 82s elapsed | ETA 0s
2026-03-23 21:35:07 [INFO]             550,000 rows | 6,626 rows/sec | 83s elapsed | ETA 0s
2026-03-23 21:35:08 [INFO]             560,000 rows | 6,635 rows/sec | 84s elapsed | ETA 0s
2026-03-23 21:35:10 [INFO]             570,000 rows | 6,640 rows/sec | 86s elapsed | ETA 0s
2026-03-23 21:35:11 [INFO]             580,000 rows | 6,647 rows/sec | 87s elapsed | ETA 0s
2026-03-23 21:35:13 [INFO]             590,000 rows | 6,654 rows/sec | 89s elapsed | ETA 0s
2026-03-23 21:35:14 [INFO]             600,000 rows | 6,660 rows/sec | 90s elapsed | ETA 0s
2026-03-23 21:35:16 [INFO]             610,000 rows | 6,649 rows/sec | 92s elapsed | ETA 0s
2026-03-23 21:35:17 [INFO]             620,000 rows | 6,656 rows/sec | 93s elapsed | ETA 0s
2026-03-23 21:35:19 [INFO]             630,000 rows | 6,662 rows/sec | 95s elapsed | ETA 0s
2026-03-23 21:35:20 [INFO]             640,000 rows | 6,665 rows/sec | 96s elapsed | ETA 0s
2026-03-23 21:35:23 [INFO]             650,000 rows | 6,557 rows/sec | 99s elapsed | ETA 0s
2026-03-23 21:35:25 [INFO]             660,000 rows | 6,561 rows/sec | 101s elapsed | ETA 0s
2026-03-23 21:35:26 [INFO]             670,000 rows | 6,566 rows/sec | 102s elapsed | ETA 0s
2026-03-23 21:35:27 [INFO]             680,000 rows | 6,573 rows/sec | 103s elapsed | ETA 0s
2026-03-23 21:35:29 [INFO]             690,000 rows | 6,581 rows/sec | 105s elapsed | ETA 0s
2026-03-23 21:35:30 [INFO]             700,000 rows | 6,589 rows/sec | 106s elapsed | ETA 0s
2026-03-23 21:35:32 [INFO]             710,000 rows | 6,598 rows/sec | 108s elapsed | ETA 0s
2026-03-23 21:35:33 [INFO]             720,000 rows | 6,605 rows/sec | 109s elapsed | ETA 0s
2026-03-23 21:35:34 [INFO]             730,000 rows | 6,613 rows/sec | 110s elapsed | ETA 0s
2026-03-23 21:35:36 [INFO]             740,000 rows | 6,619 rows/sec | 112s elapsed | ETA 0s
2026-03-23 21:35:37 [INFO]             750,000 rows | 6,625 rows/sec | 113s elapsed | ETA 0s
2026-03-23 21:35:39 [INFO]             760,000 rows | 6,629 rows/sec | 115s elapsed | ETA 0s
2026-03-23 21:35:40 [INFO]             770,000 rows | 6,632 rows/sec | 116s elapsed | ETA 0s
2026-03-23 21:35:42 [INFO]             780,000 rows | 6,639 rows/sec | 117s elapsed | ETA 0s
2026-03-23 21:35:43 [INFO]             790,000 rows | 6,645 rows/sec | 119s elapsed | ETA 0s
2026-03-23 21:35:44 [INFO]             800,000 rows | 6,651 rows/sec | 120s elapsed | ETA 0s
2026-03-23 21:35:46 [INFO]             810,000 rows | 6,617 rows/sec | 122s elapsed | ETA 0s
2026-03-23 21:35:48 [INFO]             820,000 rows | 6,623 rows/sec | 124s elapsed | ETA 0s
2026-03-23 21:35:49 [INFO]             830,000 rows | 6,629 rows/sec | 125s elapsed | ETA 0s
2026-03-23 21:35:51 [INFO]             840,000 rows | 6,635 rows/sec | 127s elapsed | ETA 0s
2026-03-23 21:35:55 [INFO]             850,000 rows | 6,511 rows/sec | 131s elapsed | ETA 0s
2026-03-23 21:35:59 [INFO]             860,000 rows | 6,393 rows/sec | 135s elapsed | ETA 0s
2026-03-23 21:36:00 [INFO]             870,000 rows | 6,400 rows/sec | 136s elapsed | ETA 0s
2026-03-23 21:36:02 [INFO]             880,000 rows | 6,361 rows/sec | 138s elapsed | ETA 0s
2026-03-23 21:36:04 [INFO]             890,000 rows | 6,369 rows/sec | 140s elapsed | ETA 0s
2026-03-23 21:36:05 [INFO]             900,000 rows | 6,375 rows/sec | 141s elapsed | ETA 0s
2026-03-23 21:36:07 [INFO]             910,000 rows | 6,379 rows/sec | 143s elapsed | ETA 0s
2026-03-23 21:36:08 [INFO]             920,000 rows | 6,388 rows/sec | 144s elapsed | ETA 0s
2026-03-23 21:36:10 [INFO]             930,000 rows | 6,386 rows/sec | 146s elapsed | ETA 0s
2026-03-23 21:36:11 [INFO]             940,000 rows | 6,392 rows/sec | 147s elapsed | ETA 0s
2026-03-23 21:36:13 [INFO]             950,000 rows | 6,398 rows/sec | 148s elapsed | ETA 0s
2026-03-23 21:36:14 [INFO]             960,000 rows | 6,404 rows/sec | 150s elapsed | ETA 0s
2026-03-23 21:36:15 [INFO]             970,000 rows | 6,409 rows/sec | 151s elapsed | ETA 0s
2026-03-23 21:36:20 [INFO]             980,000 rows | 6,293 rows/sec | 156s elapsed | ETA 0s
2026-03-23 21:36:21 [INFO]             990,000 rows | 6,299 rows/sec | 157s elapsed | ETA 0s
2026-03-23 21:36:23 [INFO]           1,000,000 rows | 6,306 rows/sec | 159s elapsed | ETA 0s
2026-03-23 21:36:24 [INFO]           1,010,000 rows | 6,314 rows/sec | 160s elapsed | ETA 0s
2026-03-23 21:36:25 [INFO]           1,020,000 rows | 6,320 rows/sec | 161s elapsed | ETA 0s
2026-03-23 21:36:38 [INFO]           1,030,000 rows | 5,925 rows/sec | 174s elapsed | ETA 0s
2026-03-23 21:36:39 [INFO]           1,040,000 rows | 5,928 rows/sec | 175s elapsed | ETA 0s
2026-03-23 21:36:41 [INFO]           1,050,000 rows | 5,936 rows/sec | 177s elapsed | ETA 0s
2026-03-23 21:36:42 [INFO]           1,060,000 rows | 5,944 rows/sec | 178s elapsed | ETA 0s
2026-03-23 21:36:44 [INFO]           1,070,000 rows | 5,952 rows/sec | 180s elapsed | ETA 0s
2026-03-23 21:36:45 [INFO]           1,080,000 rows | 5,961 rows/sec | 181s elapsed | ETA 0s
2026-03-23 21:36:47 [INFO]           1,090,000 rows | 5,969 rows/sec | 183s elapsed | ETA 0s
2026-03-23 21:36:48 [INFO]           1,100,000 rows | 5,978 rows/sec | 184s elapsed | ETA 0s
2026-03-23 21:36:49 [INFO]           1,110,000 rows | 5,986 rows/sec | 185s elapsed | ETA 0s
2026-03-23 21:36:51 [INFO]           1,120,000 rows | 5,994 rows/sec | 187s elapsed | ETA 0s
2026-03-23 21:36:52 [INFO]           1,130,000 rows | 6,001 rows/sec | 188s elapsed | ETA 0s
2026-03-23 21:36:54 [INFO]           1,140,000 rows | 6,009 rows/sec | 190s elapsed | ETA 0s
2026-03-23 21:36:55 [INFO]           1,150,000 rows | 6,017 rows/sec | 191s elapsed | ETA 0s
2026-03-23 21:36:57 [INFO]           1,160,000 rows | 6,024 rows/sec | 193s elapsed | ETA 0s
2026-03-23 21:36:58 [INFO]           1,170,000 rows | 6,031 rows/sec | 194s elapsed | ETA 0s
2026-03-23 21:36:59 [INFO]           1,180,000 rows | 6,039 rows/sec | 195s elapsed | ETA 0s
2026-03-23 21:37:01 [INFO]           1,190,000 rows | 6,047 rows/sec | 197s elapsed | ETA 0s
2026-03-23 21:37:02 [INFO]           1,200,000 rows | 6,053 rows/sec | 198s elapsed | ETA 0s
2026-03-23 21:37:04 [INFO]           1,210,000 rows | 6,046 rows/sec | 200s elapsed | ETA 0s
2026-03-23 21:37:06 [INFO]           1,220,000 rows | 6,053 rows/sec | 202s elapsed | ETA 0s
2026-03-23 21:37:07 [INFO]           1,230,000 rows | 6,061 rows/sec | 203s elapsed | ETA 0s
2026-03-23 21:37:08 [INFO]           1,240,000 rows | 6,067 rows/sec | 204s elapsed | ETA 0s
2026-03-23 21:37:10 [INFO]           1,250,000 rows | 6,075 rows/sec | 206s elapsed | ETA 0s
2026-03-23 21:37:11 [INFO]           1,260,000 rows | 6,080 rows/sec | 207s elapsed | ETA 0s
2026-03-23 21:37:13 [INFO]           1,270,000 rows | 6,086 rows/sec | 209s elapsed | ETA 0s
2026-03-23 21:37:14 [INFO]           1,280,000 rows | 6,093 rows/sec | 210s elapsed | ETA 0s
2026-03-23 21:37:16 [INFO]           1,290,000 rows | 6,099 rows/sec | 212s elapsed | ETA 0s
2026-03-23 21:37:17 [INFO]           1,300,000 rows | 6,105 rows/sec | 213s elapsed | ETA 0s
2026-03-23 21:37:18 [INFO]           1,310,000 rows | 6,111 rows/sec | 214s elapsed | ETA 0s
2026-03-23 21:37:20 [INFO]           1,320,000 rows | 6,116 rows/sec | 216s elapsed | ETA 0s
2026-03-23 21:37:21 [INFO]           1,330,000 rows | 6,121 rows/sec | 217s elapsed | ETA 0s
2026-03-23 21:37:23 [INFO]           1,340,000 rows | 6,128 rows/sec | 219s elapsed | ETA 0s
2026-03-23 21:37:24 [INFO]           1,350,000 rows | 6,133 rows/sec | 220s elapsed | ETA 0s
2026-03-23 21:37:26 [INFO]           1,360,000 rows | 6,136 rows/sec | 222s elapsed | ETA 0s
2026-03-23 21:37:27 [INFO]           1,370,000 rows | 6,139 rows/sec | 223s elapsed | ETA 0s
2026-03-23 21:37:29 [INFO]           1,380,000 rows | 6,142 rows/sec | 225s elapsed | ETA 0s
2026-03-23 21:37:30 [INFO]           1,390,000 rows | 6,145 rows/sec | 226s elapsed | ETA 0s
2026-03-23 21:37:32 [INFO]           1,400,000 rows | 6,149 rows/sec | 228s elapsed | ETA 0s
2026-03-23 21:37:33 [INFO]           1,410,000 rows | 6,150 rows/sec | 229s elapsed | ETA 0s
2026-03-23 21:37:41 [INFO]   [OK] 1,419,830 rows in 237.3s (5,983 rows/sec)
2026-03-23 21:37:41 [INFO]        Progress: 9/16 steps | Est. remaining: 7.5 min
2026-03-23 21:37:41 [INFO] 
──────────────────────────────────────────────────
2026-03-23 21:37:41 [INFO]   [10/16] rpt_route_sales_by_item_customer [███████████░░░░░░░░░] 56%
2026-03-23 21:37:41 [INFO]        Expected: ~2,500,000 rows
2026-03-23 21:37:54 [DEBUG]   SQL: 
        SELECT RouteCode, UserCode, CustomerCode, ItemCode,
            CAST(Date AS DATE), TotalQty, TotalGRQty, TotalDamageQty, TotalExpiryQty,
            TotalSales, TotalGRSales, TotalDamageSale...
2026-03-23 21:37:54 [INFO]   Querying MSSQL (this may take a while for large tables)...
2026-03-23 21:37:54 [INFO]   MSSQL query returned in 0.1s - starting load...
2026-03-23 21:38:05 [INFO]              50,000 rows | 2,145 rows/sec | 23s elapsed | ETA 1142s
2026-03-23 21:38:11 [INFO]             100,000 rows | 3,407 rows/sec | 29s elapsed | ETA 704s
2026-03-23 21:38:17 [INFO]             150,000 rows | 4,168 rows/sec | 36s elapsed | ETA 564s
2026-03-23 21:38:24 [INFO]             200,000 rows | 4,691 rows/sec | 43s elapsed | ETA 490s
2026-03-23 21:38:31 [INFO]             250,000 rows | 5,074 rows/sec | 49s elapsed | ETA 443s
2026-03-23 21:38:43 [INFO]             300,000 rows | 4,891 rows/sec | 61s elapsed | ETA 450s
2026-03-23 21:40:27 [INFO]             350,000 rows | 2,107 rows/sec | 166s elapsed | ETA 1020s
2026-03-23 21:40:53 [INFO]             400,000 rows | 2,082 rows/sec | 192s elapsed | ETA 1009s
2026-03-23 21:41:26 [INFO]             450,000 rows | 2,001 rows/sec | 225s elapsed | ETA 1025s
2026-03-23 21:41:58 [INFO]             500,000 rows | 1,949 rows/sec | 257s elapsed | ETA 1026s
2026-03-23 21:42:45 [INFO]             550,000 rows | 1,814 rows/sec | 303s elapsed | ETA 1075s
2026-03-23 21:42:53 [INFO]             600,000 rows | 1,925 rows/sec | 312s elapsed | ETA 987s
2026-03-23 21:43:01 [INFO]             650,000 rows | 2,031 rows/sec | 320s elapsed | ETA 911s
2026-03-23 21:43:10 [INFO]             700,000 rows | 2,133 rows/sec | 328s elapsed | ETA 844s
2026-03-23 21:43:18 [INFO]             750,000 rows | 2,231 rows/sec | 336s elapsed | ETA 785s
2026-03-23 21:43:26 [INFO]             800,000 rows | 2,324 rows/sec | 344s elapsed | ETA 731s
2026-03-23 21:43:34 [INFO]             850,000 rows | 2,413 rows/sec | 352s elapsed | ETA 684s
2026-03-23 21:43:42 [INFO]             900,000 rows | 2,499 rows/sec | 360s elapsed | ETA 640s
2026-03-23 21:43:50 [INFO]             950,000 rows | 2,580 rows/sec | 368s elapsed | ETA 601s
2026-03-23 21:43:57 [INFO]           1,000,000 rows | 2,660 rows/sec | 376s elapsed | ETA 564s
2026-03-23 21:44:05 [INFO]           1,050,000 rows | 2,735 rows/sec | 384s elapsed | ETA 530s
2026-03-23 21:44:13 [INFO]           1,100,000 rows | 2,807 rows/sec | 392s elapsed | ETA 499s
2026-03-23 21:44:21 [INFO]           1,150,000 rows | 2,880 rows/sec | 399s elapsed | ETA 469s
2026-03-23 21:44:28 [INFO]           1,200,000 rows | 2,949 rows/sec | 407s elapsed | ETA 441s
2026-03-23 21:44:36 [INFO]           1,250,000 rows | 3,015 rows/sec | 415s elapsed | ETA 415s
2026-03-23 21:44:43 [INFO]           1,300,000 rows | 3,080 rows/sec | 422s elapsed | ETA 390s
2026-03-23 21:44:51 [INFO]           1,350,000 rows | 3,143 rows/sec | 430s elapsed | ETA 366s
2026-03-23 21:44:58 [INFO]           1,400,000 rows | 3,204 rows/sec | 437s elapsed | ETA 343s
2026-03-23 21:45:06 [INFO]           1,450,000 rows | 3,263 rows/sec | 444s elapsed | ETA 322s
2026-03-23 21:45:13 [INFO]           1,500,000 rows | 3,321 rows/sec | 452s elapsed | ETA 301s
2026-03-23 21:45:20 [INFO]           1,550,000 rows | 3,377 rows/sec | 459s elapsed | ETA 281s
2026-03-23 21:45:27 [INFO]           1,600,000 rows | 3,432 rows/sec | 466s elapsed | ETA 262s
2026-03-23 21:45:35 [INFO]           1,650,000 rows | 3,487 rows/sec | 473s elapsed | ETA 244s
2026-03-23 21:45:42 [INFO]           1,700,000 rows | 3,539 rows/sec | 480s elapsed | ETA 226s
2026-03-23 21:45:49 [INFO]           1,750,000 rows | 3,590 rows/sec | 488s elapsed | ETA 209s
2026-03-23 21:45:56 [INFO]           1,800,000 rows | 3,639 rows/sec | 495s elapsed | ETA 192s
2026-03-23 21:46:03 [INFO]           1,850,000 rows | 3,688 rows/sec | 502s elapsed | ETA 176s
2026-03-23 21:46:10 [INFO]           1,900,000 rows | 3,737 rows/sec | 508s elapsed | ETA 161s
2026-03-23 21:46:17 [INFO]           1,950,000 rows | 3,783 rows/sec | 515s elapsed | ETA 145s
2026-03-23 21:46:24 [INFO]           2,000,000 rows | 3,829 rows/sec | 522s elapsed | ETA 131s
2026-03-23 21:46:31 [INFO]           2,050,000 rows | 3,873 rows/sec | 529s elapsed | ETA 116s
2026-03-23 21:46:37 [INFO]           2,100,000 rows | 3,917 rows/sec | 536s elapsed | ETA 102s
2026-03-23 21:46:44 [INFO]           2,150,000 rows | 3,960 rows/sec | 543s elapsed | ETA 88s
2026-03-23 21:46:51 [INFO]           2,200,000 rows | 4,003 rows/sec | 550s elapsed | ETA 75s
2026-03-23 21:46:58 [INFO]           2,250,000 rows | 4,039 rows/sec | 557s elapsed | ETA 62s
2026-03-23 21:47:07 [INFO]           2,300,000 rows | 4,063 rows/sec | 566s elapsed | ETA 49s
2026-03-23 21:47:16 [INFO]           2,350,000 rows | 4,087 rows/sec | 575s elapsed | ETA 37s
2026-03-23 21:47:25 [INFO]           2,400,000 rows | 4,112 rows/sec | 584s elapsed | ETA 24s
2026-03-23 21:47:34 [INFO]           2,450,000 rows | 4,137 rows/sec | 592s elapsed | ETA 12s
2026-03-23 21:47:42 [INFO]           2,500,000 rows | 4,160 rows/sec | 601s elapsed | ETA 0s
2026-03-23 21:47:51 [INFO]           2,550,000 rows | 4,184 rows/sec | 610s elapsed | ETA 0s
2026-03-23 21:47:59 [INFO]           2,600,000 rows | 4,207 rows/sec | 618s elapsed | ETA 0s
2026-03-23 21:48:07 [INFO]           2,650,000 rows | 4,232 rows/sec | 626s elapsed | ETA 0s
2026-03-23 21:48:16 [INFO]           2,700,000 rows | 4,256 rows/sec | 634s elapsed | ETA 0s
2026-03-23 21:48:24 [INFO]           2,750,000 rows | 4,281 rows/sec | 642s elapsed | ETA 0s
2026-03-23 21:48:32 [INFO]           2,800,000 rows | 4,305 rows/sec | 650s elapsed | ETA 0s
2026-03-23 21:48:40 [INFO]           2,850,000 rows | 4,330 rows/sec | 658s elapsed | ETA 0s
2026-03-23 21:48:47 [INFO]           2,900,000 rows | 4,354 rows/sec | 666s elapsed | ETA 0s
2026-03-23 21:48:55 [INFO]           2,950,000 rows | 4,378 rows/sec | 674s elapsed | ETA 0s
2026-03-23 21:49:03 [INFO]           3,000,000 rows | 4,402 rows/sec | 681s elapsed | ETA 0s
2026-03-23 21:49:10 [INFO]           3,050,000 rows | 4,426 rows/sec | 689s elapsed | ETA 0s
2026-03-23 21:49:18 [INFO]           3,100,000 rows | 4,450 rows/sec | 697s elapsed | ETA 0s
2026-03-23 21:49:26 [INFO]           3,150,000 rows | 4,473 rows/sec | 704s elapsed | ETA 0s
2026-03-23 21:49:33 [INFO]           3,200,000 rows | 4,496 rows/sec | 712s elapsed | ETA 0s
2026-03-23 21:49:40 [INFO]           3,250,000 rows | 4,519 rows/sec | 719s elapsed | ETA 0s
2026-03-23 21:49:48 [INFO]           3,300,000 rows | 4,542 rows/sec | 726s elapsed | ETA 0s
2026-03-23 21:49:55 [INFO]           3,350,000 rows | 4,566 rows/sec | 734s elapsed | ETA 0s
2026-03-23 21:50:02 [INFO]           3,400,000 rows | 4,589 rows/sec | 741s elapsed | ETA 0s
2026-03-23 21:50:10 [INFO]           3,450,000 rows | 4,611 rows/sec | 748s elapsed | ETA 0s
2026-03-23 21:50:17 [INFO]           3,500,000 rows | 4,634 rows/sec | 755s elapsed | ETA 0s
2026-03-23 21:50:24 [INFO]           3,550,000 rows | 4,656 rows/sec | 762s elapsed | ETA 0s
2026-03-23 21:50:31 [INFO]           3,600,000 rows | 4,678 rows/sec | 770s elapsed | ETA 0s
2026-03-23 21:50:38 [INFO]           3,650,000 rows | 4,699 rows/sec | 777s elapsed | ETA 0s
2026-03-23 21:50:45 [INFO]           3,700,000 rows | 4,720 rows/sec | 784s elapsed | ETA 0s
2026-03-23 21:50:52 [INFO]           3,750,000 rows | 4,742 rows/sec | 791s elapsed | ETA 0s
2026-03-23 21:50:59 [INFO]           3,800,000 rows | 4,763 rows/sec | 798s elapsed | ETA 0s
2026-03-23 21:51:06 [INFO]           3,850,000 rows | 4,785 rows/sec | 805s elapsed | ETA 0s
2026-03-23 21:51:13 [INFO]           3,900,000 rows | 4,807 rows/sec | 811s elapsed | ETA 0s
2026-03-23 21:51:20 [INFO]           3,950,000 rows | 4,828 rows/sec | 818s elapsed | ETA 0s
2026-03-23 21:51:26 [INFO]           4,000,000 rows | 4,849 rows/sec | 825s elapsed | ETA 0s
2026-03-23 21:51:33 [INFO]           4,050,000 rows | 4,870 rows/sec | 832s elapsed | ETA 0s
2026-03-23 21:51:40 [INFO]           4,100,000 rows | 4,889 rows/sec | 839s elapsed | ETA 0s
2026-03-23 21:51:47 [INFO]           4,150,000 rows | 4,909 rows/sec | 845s elapsed | ETA 0s
2026-03-23 21:51:53 [INFO]           4,200,000 rows | 4,929 rows/sec | 852s elapsed | ETA 0s
2026-03-23 21:52:00 [INFO]           4,250,000 rows | 4,950 rows/sec | 859s elapsed | ETA 0s
2026-03-23 21:52:07 [INFO]           4,300,000 rows | 4,969 rows/sec | 865s elapsed | ETA 0s
2026-03-23 21:52:13 [INFO]           4,350,000 rows | 4,989 rows/sec | 872s elapsed | ETA 0s
2026-03-23 21:52:20 [INFO]           4,400,000 rows | 5,007 rows/sec | 879s elapsed | ETA 0s
2026-03-23 21:52:27 [INFO]           4,450,000 rows | 5,025 rows/sec | 886s elapsed | ETA 0s
2026-03-23 21:52:34 [INFO]           4,500,000 rows | 5,042 rows/sec | 892s elapsed | ETA 0s
2026-03-23 21:52:41 [INFO]           4,550,000 rows | 5,060 rows/sec | 899s elapsed | ETA 0s
2026-03-23 21:52:47 [INFO]           4,600,000 rows | 5,078 rows/sec | 906s elapsed | ETA 0s
2026-03-23 21:52:54 [INFO]           4,650,000 rows | 5,095 rows/sec | 913s elapsed | ETA 0s
2026-03-23 21:53:01 [INFO]           4,700,000 rows | 5,113 rows/sec | 919s elapsed | ETA 0s
2026-03-23 21:53:07 [INFO]           4,750,000 rows | 5,130 rows/sec | 926s elapsed | ETA 0s
2026-03-23 21:53:14 [INFO]           4,800,000 rows | 5,147 rows/sec | 933s elapsed | ETA 0s
2026-03-23 21:53:15 [INFO]   [OK] 4,806,514 rows in 933.9s (5,147 rows/sec)
2026-03-23 21:53:15 [INFO]        Progress: 10/16 steps | Est. remaining: 15.1 min
2026-03-23 21:53:15 [INFO] 
──────────────────────────────────────────────────
2026-03-23 21:53:15 [INFO]   [11/16] rpt_invoice_totals [████████████░░░░░░░░] 62%
2026-03-23 21:53:15 [INFO]        Expected: ~500,000 rows
2026-03-23 21:53:16 [INFO]     Processing 2025-10-01 to 2025-10-15...
2026-03-23 21:53:16 [DEBUG]   SQL: 
        SELECT
            CAST(h.TrxDate AS DATE),
            h.RouteCode, ISNULL(rt.Name, ''),
            h.UserCode, ISNULL(u.Description, ''),
            ISNULL(rt.SalesOrgCode, h.OrgCode),
  ...
2026-03-23 21:53:16 [INFO]   Querying MSSQL (this may take a while for large tables)...
2026-03-23 21:53:17 [INFO]   MSSQL query returned in 1.2s - starting load...
2026-03-23 21:53:20 [INFO]              10,000 rows | 2,349 rows/sec | 4s elapsed | ETA 209s
2026-03-23 21:53:21 [INFO]              20,000 rows | 3,285 rows/sec | 6s elapsed | ETA 146s
2026-03-23 21:53:23 [INFO]              30,000 rows | 3,793 rows/sec | 8s elapsed | ETA 124s
2026-03-23 21:53:25 [INFO]              40,000 rows | 4,116 rows/sec | 10s elapsed | ETA 112s
2026-03-23 21:53:27 [INFO]              50,000 rows | 4,335 rows/sec | 12s elapsed | ETA 104s
2026-03-23 21:53:29 [INFO]              60,000 rows | 4,511 rows/sec | 13s elapsed | ETA 98s
2026-03-23 21:53:30 [INFO]              70,000 rows | 4,625 rows/sec | 15s elapsed | ETA 93s
2026-03-23 21:53:32 [INFO]              80,000 rows | 4,717 rows/sec | 17s elapsed | ETA 89s
2026-03-23 21:53:34 [INFO]              90,000 rows | 4,791 rows/sec | 19s elapsed | ETA 86s
2026-03-23 21:53:36 [INFO]             100,000 rows | 4,867 rows/sec | 21s elapsed | ETA 82s
2026-03-23 21:53:38 [INFO]             110,000 rows | 4,925 rows/sec | 22s elapsed | ETA 79s
2026-03-23 21:53:39 [INFO]             120,000 rows | 4,981 rows/sec | 24s elapsed | ETA 76s
2026-03-23 21:53:41 [INFO]     2025-10-01 to 2025-10-15: 124,907 rows
2026-03-23 21:53:41 [INFO]     Processing 2025-10-15 to 2025-10-29...
2026-03-23 21:53:41 [DEBUG]   SQL: 
        SELECT
            CAST(h.TrxDate AS DATE),
            h.RouteCode, ISNULL(rt.Name, ''),
            h.UserCode, ISNULL(u.Description, ''),
            ISNULL(rt.SalesOrgCode, h.OrgCode),
  ...
2026-03-23 21:53:41 [INFO]   Querying MSSQL (this may take a while for large tables)...
2026-03-23 21:53:42 [INFO]   MSSQL query returned in 1.2s - starting load...
2026-03-23 21:53:44 [INFO]              10,000 rows | 343 rows/sec | 29s elapsed | ETA 1430s
2026-03-23 21:53:46 [INFO]              20,000 rows | 646 rows/sec | 31s elapsed | ETA 744s
2026-03-23 21:53:48 [INFO]              30,000 rows | 915 rows/sec | 33s elapsed | ETA 514s
2026-03-23 21:53:50 [INFO]              40,000 rows | 1,157 rows/sec | 35s elapsed | ETA 398s
2026-03-23 21:53:52 [INFO]              50,000 rows | 1,375 rows/sec | 36s elapsed | ETA 327s
2026-03-23 21:53:53 [INFO]              60,000 rows | 1,573 rows/sec | 38s elapsed | ETA 280s
2026-03-23 21:53:55 [INFO]              70,000 rows | 1,753 rows/sec | 40s elapsed | ETA 245s
2026-03-23 21:53:57 [INFO]              80,000 rows | 1,916 rows/sec | 42s elapsed | ETA 219s
2026-03-23 21:53:59 [INFO]              90,000 rows | 2,064 rows/sec | 44s elapsed | ETA 199s
2026-03-23 21:54:01 [INFO]             100,000 rows | 2,205 rows/sec | 45s elapsed | ETA 181s
2026-03-23 21:54:02 [INFO]             110,000 rows | 2,335 rows/sec | 47s elapsed | ETA 167s
2026-03-23 21:54:05 [INFO]             120,000 rows | 2,437 rows/sec | 49s elapsed | ETA 156s
2026-03-23 21:54:06 [INFO]     2025-10-15 to 2025-10-29: 125,531 rows
2026-03-23 21:54:06 [INFO]     Processing 2025-10-29 to 2025-11-12...
2026-03-23 21:54:06 [DEBUG]   SQL: 
        SELECT
            CAST(h.TrxDate AS DATE),
            h.RouteCode, ISNULL(rt.Name, ''),
            h.UserCode, ISNULL(u.Description, ''),
            ISNULL(rt.SalesOrgCode, h.OrgCode),
  ...
2026-03-23 21:54:06 [INFO]   Querying MSSQL (this may take a while for large tables)...
2026-03-23 21:54:07 [INFO]   MSSQL query returned in 1.0s - starting load...
2026-03-23 21:54:10 [INFO]              10,000 rows | 184 rows/sec | 54s elapsed | ETA 2659s
2026-03-23 21:54:11 [INFO]              20,000 rows | 357 rows/sec | 56s elapsed | ETA 1344s
2026-03-23 21:54:13 [INFO]              30,000 rows | 519 rows/sec | 58s elapsed | ETA 906s
2026-03-23 21:54:15 [INFO]              40,000 rows | 671 rows/sec | 60s elapsed | ETA 685s
2026-03-23 21:54:17 [INFO]              50,000 rows | 816 rows/sec | 61s elapsed | ETA 552s
2026-03-23 21:54:18 [INFO]              60,000 rows | 952 rows/sec | 63s elapsed | ETA 462s
2026-03-23 21:54:20 [INFO]              70,000 rows | 1,081 rows/sec | 65s elapsed | ETA 398s
2026-03-23 21:54:22 [INFO]              80,000 rows | 1,202 rows/sec | 67s elapsed | ETA 349s
2026-03-23 21:54:24 [INFO]              90,000 rows | 1,319 rows/sec | 68s elapsed | ETA 311s
2026-03-23 21:54:25 [INFO]             100,000 rows | 1,427 rows/sec | 70s elapsed | ETA 280s
2026-03-23 21:54:27 [INFO]             110,000 rows | 1,530 rows/sec | 72s elapsed | ETA 255s
2026-03-23 21:54:29 [INFO]             120,000 rows | 1,628 rows/sec | 74s elapsed | ETA 233s
2026-03-23 21:54:30 [INFO]     2025-10-29 to 2025-11-12: 124,135 rows
2026-03-23 21:54:30 [INFO]     Processing 2025-11-12 to 2025-11-26...
2026-03-23 21:54:30 [DEBUG]   SQL: 
        SELECT
            CAST(h.TrxDate AS DATE),
            h.RouteCode, ISNULL(rt.Name, ''),
            h.UserCode, ISNULL(u.Description, ''),
            ISNULL(rt.SalesOrgCode, h.OrgCode),
  ...
2026-03-23 21:54:30 [INFO]   Querying MSSQL (this may take a while for large tables)...
2026-03-23 21:54:31 [INFO]   MSSQL query returned in 1.1s - starting load...
2026-03-23 21:54:34 [INFO]              10,000 rows | 127 rows/sec | 79s elapsed | ETA 3860s
2026-03-23 21:54:36 [INFO]              20,000 rows | 248 rows/sec | 80s elapsed | ETA 1932s
2026-03-23 21:54:38 [INFO]              30,000 rows | 365 rows/sec | 82s elapsed | ETA 1289s
2026-03-23 21:54:39 [INFO]              40,000 rows | 476 rows/sec | 84s elapsed | ETA 967s
2026-03-23 21:54:41 [INFO]              50,000 rows | 582 rows/sec | 86s elapsed | ETA 773s
2026-03-23 21:54:43 [INFO]              60,000 rows | 684 rows/sec | 88s elapsed | ETA 644s
2026-03-23 21:54:45 [INFO]              70,000 rows | 782 rows/sec | 90s elapsed | ETA 550s
2026-03-23 21:54:47 [INFO]              80,000 rows | 874 rows/sec | 92s elapsed | ETA 481s
2026-03-23 21:54:49 [INFO]              90,000 rows | 964 rows/sec | 93s elapsed | ETA 425s
2026-03-23 21:54:51 [INFO]             100,000 rows | 1,049 rows/sec | 95s elapsed | ETA 381s
2026-03-23 21:54:53 [INFO]             110,000 rows | 1,131 rows/sec | 97s elapsed | ETA 345s
2026-03-23 21:54:54 [INFO]             120,000 rows | 1,212 rows/sec | 99s elapsed | ETA 314s
2026-03-23 21:54:55 [INFO]     2025-11-12 to 2025-11-26: 123,306 rows
2026-03-23 21:54:55 [INFO]     Processing 2025-11-26 to 2025-12-10...
2026-03-23 21:54:55 [DEBUG]   SQL: 
        SELECT
            CAST(h.TrxDate AS DATE),
            h.RouteCode, ISNULL(rt.Name, ''),
            h.UserCode, ISNULL(u.Description, ''),
            ISNULL(rt.SalesOrgCode, h.OrgCode),
  ...
2026-03-23 21:54:55 [INFO]   Querying MSSQL (this may take a while for large tables)...
2026-03-23 21:54:56 [INFO]   MSSQL query returned in 1.0s - starting load...
2026-03-23 21:54:59 [INFO]              10,000 rows | 96 rows/sec | 104s elapsed | ETA 5091s
2026-03-23 21:55:01 [INFO]              20,000 rows | 189 rows/sec | 106s elapsed | ETA 2538s
2026-03-23 21:55:03 [INFO]              30,000 rows | 279 rows/sec | 108s elapsed | ETA 1685s
2026-03-23 21:55:05 [INFO]              40,000 rows | 366 rows/sec | 109s elapsed | ETA 1258s
2026-03-23 21:55:07 [INFO]              50,000 rows | 449 rows/sec | 111s elapsed | ETA 1002s
2026-03-23 21:55:08 [INFO]              60,000 rows | 530 rows/sec | 113s elapsed | ETA 830s
2026-03-23 21:55:10 [INFO]              70,000 rows | 609 rows/sec | 115s elapsed | ETA 706s
2026-03-23 21:55:12 [INFO]              80,000 rows | 685 rows/sec | 117s elapsed | ETA 613s
2026-03-23 21:55:14 [INFO]              90,000 rows | 759 rows/sec | 119s elapsed | ETA 540s
2026-03-23 21:55:16 [INFO]             100,000 rows | 831 rows/sec | 120s elapsed | ETA 481s
2026-03-23 21:55:17 [INFO]             110,000 rows | 901 rows/sec | 122s elapsed | ETA 433s
2026-03-23 21:55:18 [INFO]     2025-11-26 to 2025-12-10: 112,601 rows
2026-03-23 21:55:18 [INFO]     Processing 2025-12-10 to 2025-12-24...
2026-03-23 21:55:18 [DEBUG]   SQL: 
        SELECT
            CAST(h.TrxDate AS DATE),
            h.RouteCode, ISNULL(rt.Name, ''),
            h.UserCode, ISNULL(u.Description, ''),
            ISNULL(rt.SalesOrgCode, h.OrgCode),
  ...
2026-03-23 21:55:18 [INFO]   Querying MSSQL (this may take a while for large tables)...
2026-03-23 21:55:19 [INFO]   MSSQL query returned in 1.0s - starting load...
2026-03-23 21:55:22 [INFO]              10,000 rows | 79 rows/sec | 127s elapsed | ETA 6220s
2026-03-23 21:55:24 [INFO]              20,000 rows | 155 rows/sec | 129s elapsed | ETA 3089s
2026-03-23 21:55:26 [INFO]              30,000 rows | 230 rows/sec | 131s elapsed | ETA 2045s
2026-03-23 21:55:28 [INFO]              40,000 rows | 302 rows/sec | 132s elapsed | ETA 1521s
2026-03-23 21:55:29 [INFO]              50,000 rows | 373 rows/sec | 134s elapsed | ETA 1207s
2026-03-23 21:55:31 [INFO]              60,000 rows | 442 rows/sec | 136s elapsed | ETA 996s
2026-03-23 21:55:33 [INFO]              70,000 rows | 509 rows/sec | 138s elapsed | ETA 845s
2026-03-23 21:55:35 [INFO]              80,000 rows | 574 rows/sec | 139s elapsed | ETA 731s
2026-03-23 21:55:36 [INFO]              90,000 rows | 638 rows/sec | 141s elapsed | ETA 643s
2026-03-23 21:55:38 [INFO]             100,000 rows | 700 rows/sec | 143s elapsed | ETA 571s
2026-03-23 21:55:40 [INFO]             110,000 rows | 761 rows/sec | 145s elapsed | ETA 512s
2026-03-23 21:55:41 [INFO]     2025-12-10 to 2025-12-24: 117,148 rows
2026-03-23 21:55:41 [INFO]     Processing 2025-12-24 to 2026-01-07...
2026-03-23 21:55:41 [DEBUG]   SQL: 
        SELECT
            CAST(h.TrxDate AS DATE),
            h.RouteCode, ISNULL(rt.Name, ''),
            h.UserCode, ISNULL(u.Description, ''),
            ISNULL(rt.SalesOrgCode, h.OrgCode),
  ...
2026-03-23 21:55:41 [INFO]   Querying MSSQL (this may take a while for large tables)...
2026-03-23 21:55:42 [INFO]   MSSQL query returned in 1.0s - starting load...
2026-03-23 21:55:45 [INFO]              10,000 rows | 67 rows/sec | 150s elapsed | ETA 7333s
2026-03-23 21:55:47 [INFO]              20,000 rows | 132 rows/sec | 151s elapsed | ETA 3633s
2026-03-23 21:55:48 [INFO]              30,000 rows | 196 rows/sec | 153s elapsed | ETA 2399s
2026-03-23 21:55:50 [INFO]              40,000 rows | 258 rows/sec | 155s elapsed | ETA 1780s
2026-03-23 21:55:52 [INFO]              50,000 rows | 319 rows/sec | 157s elapsed | ETA 1409s
2026-03-23 21:55:54 [INFO]              60,000 rows | 379 rows/sec | 158s elapsed | ETA 1161s
2026-03-23 21:55:55 [INFO]              70,000 rows | 438 rows/sec | 160s elapsed | ETA 983s
2026-03-23 21:55:57 [INFO]              80,000 rows | 495 rows/sec | 162s elapsed | ETA 849s
2026-03-23 21:55:59 [INFO]              90,000 rows | 551 rows/sec | 163s elapsed | ETA 745s
2026-03-23 21:56:00 [INFO]             100,000 rows | 605 rows/sec | 165s elapsed | ETA 661s
2026-03-23 21:56:02 [INFO]             110,000 rows | 659 rows/sec | 167s elapsed | ETA 592s
2026-03-23 21:56:04 [INFO]     2025-12-24 to 2026-01-07: 117,574 rows
2026-03-23 21:56:04 [INFO]     Processing 2026-01-07 to 2026-01-21...
2026-03-23 21:56:04 [DEBUG]   SQL: 
        SELECT
            CAST(h.TrxDate AS DATE),
            h.RouteCode, ISNULL(rt.Name, ''),
            h.UserCode, ISNULL(u.Description, ''),
            ISNULL(rt.SalesOrgCode, h.OrgCode),
  ...
2026-03-23 21:56:04 [INFO]   Querying MSSQL (this may take a while for large tables)...
2026-03-23 21:56:05 [INFO]   MSSQL query returned in 1.5s - starting load...
2026-03-23 21:56:08 [INFO]              10,000 rows | 58 rows/sec | 173s elapsed | ETA 8454s
2026-03-23 21:56:10 [INFO]              20,000 rows | 115 rows/sec | 174s elapsed | ETA 4182s
2026-03-23 21:56:11 [INFO]              30,000 rows | 170 rows/sec | 176s elapsed | ETA 2757s
2026-03-23 21:56:15 [INFO]              40,000 rows | 223 rows/sec | 179s elapsed | ETA 2062s
2026-03-23 21:56:16 [INFO]              50,000 rows | 276 rows/sec | 181s elapsed | ETA 1629s
2026-03-23 21:56:18 [INFO]              60,000 rows | 328 rows/sec | 183s elapsed | ETA 1340s
2026-03-23 21:56:20 [INFO]              70,000 rows | 379 rows/sec | 184s elapsed | ETA 1133s
2026-03-23 21:56:21 [INFO]              80,000 rows | 430 rows/sec | 186s elapsed | ETA 977s
2026-03-23 21:56:23 [INFO]              90,000 rows | 479 rows/sec | 188s elapsed | ETA 856s
2026-03-23 21:56:25 [INFO]             100,000 rows | 528 rows/sec | 190s elapsed | ETA 758s
2026-03-23 21:56:27 [INFO]             110,000 rows | 575 rows/sec | 191s elapsed | ETA 678s
2026-03-23 21:56:28 [INFO]             120,000 rows | 622 rows/sec | 193s elapsed | ETA 611s
2026-03-23 21:56:29 [INFO]     2026-01-07 to 2026-01-21: 121,125 rows
2026-03-23 21:56:29 [INFO]     Processing 2026-01-21 to 2026-02-04...
2026-03-23 21:56:29 [DEBUG]   SQL: 
        SELECT
            CAST(h.TrxDate AS DATE),
            h.RouteCode, ISNULL(rt.Name, ''),
            h.UserCode, ISNULL(u.Description, ''),
            ISNULL(rt.SalesOrgCode, h.OrgCode),
  ...
2026-03-23 21:56:29 [INFO]   Querying MSSQL (this may take a while for large tables)...
2026-03-23 21:56:30 [INFO]   MSSQL query returned in 1.2s - starting load...
2026-03-23 21:56:35 [INFO]              10,000 rows | 50 rows/sec | 199s elapsed | ETA 9766s
2026-03-23 21:56:36 [INFO]              20,000 rows | 99 rows/sec | 201s elapsed | ETA 4824s
2026-03-23 21:56:38 [INFO]              30,000 rows | 148 rows/sec | 203s elapsed | ETA 3175s
2026-03-23 21:56:40 [INFO]              40,000 rows | 196 rows/sec | 204s elapsed | ETA 2350s
2026-03-23 21:56:41 [INFO]              50,000 rows | 243 rows/sec | 206s elapsed | ETA 1855s
2026-03-23 21:56:43 [INFO]              60,000 rows | 289 rows/sec | 208s elapsed | ETA 1525s
2026-03-23 21:56:45 [INFO]              70,000 rows | 334 rows/sec | 210s elapsed | ETA 1288s
2026-03-23 21:56:47 [INFO]              80,000 rows | 378 rows/sec | 211s elapsed | ETA 1110s
2026-03-23 21:56:48 [INFO]              90,000 rows | 422 rows/sec | 213s elapsed | ETA 971s
2026-03-23 21:56:50 [INFO]             100,000 rows | 465 rows/sec | 215s elapsed | ETA 860s
2026-03-23 21:56:52 [INFO]             110,000 rows | 507 rows/sec | 217s elapsed | ETA 769s
2026-03-23 21:56:54 [INFO]             120,000 rows | 549 rows/sec | 219s elapsed | ETA 692s
2026-03-23 21:56:54 [INFO]     2026-01-21 to 2026-02-04: 120,064 rows
2026-03-23 21:56:54 [INFO]     Processing 2026-02-04 to 2026-02-18...
2026-03-23 21:56:54 [DEBUG]   SQL: 
        SELECT
            CAST(h.TrxDate AS DATE),
            h.RouteCode, ISNULL(rt.Name, ''),
            h.UserCode, ISNULL(u.Description, ''),
            ISNULL(rt.SalesOrgCode, h.OrgCode),
  ...
2026-03-23 21:56:54 [INFO]   Querying MSSQL (this may take a while for large tables)...
2026-03-23 21:56:55 [INFO]   MSSQL query returned in 0.9s - starting load...
2026-03-23 21:56:58 [INFO]              10,000 rows | 45 rows/sec | 223s elapsed | ETA 10926s
2026-03-23 21:57:00 [INFO]              20,000 rows | 89 rows/sec | 225s elapsed | ETA 5393s
2026-03-23 21:57:02 [INFO]              30,000 rows | 132 rows/sec | 226s elapsed | ETA 3548s
2026-03-23 21:57:03 [INFO]              40,000 rows | 175 rows/sec | 228s elapsed | ETA 2624s
2026-03-23 21:57:05 [INFO]              50,000 rows | 217 rows/sec | 230s elapsed | ETA 2070s
2026-03-23 21:57:07 [INFO]              60,000 rows | 259 rows/sec | 232s elapsed | ETA 1699s
2026-03-23 21:57:09 [INFO]              70,000 rows | 300 rows/sec | 233s elapsed | ETA 1434s
2026-03-23 21:57:10 [INFO]              80,000 rows | 340 rows/sec | 235s elapsed | ETA 1235s
2026-03-23 21:57:12 [INFO]              90,000 rows | 380 rows/sec | 237s elapsed | ETA 1079s
2026-03-23 21:57:14 [INFO]             100,000 rows | 419 rows/sec | 239s elapsed | ETA 955s
2026-03-23 21:57:16 [INFO]             110,000 rows | 457 rows/sec | 240s elapsed | ETA 852s
2026-03-23 21:57:17 [INFO]             120,000 rows | 496 rows/sec | 242s elapsed | ETA 767s
2026-03-23 21:57:18 [INFO]     2026-02-04 to 2026-02-18: 120,740 rows
2026-03-23 21:57:18 [INFO]     Processing 2026-02-18 to 2026-03-04...
2026-03-23 21:57:18 [DEBUG]   SQL: 
        SELECT
            CAST(h.TrxDate AS DATE),
            h.RouteCode, ISNULL(rt.Name, ''),
            h.UserCode, ISNULL(u.Description, ''),
            ISNULL(rt.SalesOrgCode, h.OrgCode),
  ...
2026-03-23 21:57:18 [INFO]   Querying MSSQL (this may take a while for large tables)...
2026-03-23 21:57:19 [INFO]   MSSQL query returned in 0.9s - starting load...
2026-03-23 21:57:22 [INFO]              10,000 rows | 41 rows/sec | 247s elapsed | ETA 12086s
2026-03-23 21:57:24 [INFO]              20,000 rows | 81 rows/sec | 248s elapsed | ETA 5962s
2026-03-23 21:57:25 [INFO]              30,000 rows | 120 rows/sec | 250s elapsed | ETA 3920s
2026-03-23 21:57:27 [INFO]              40,000 rows | 159 rows/sec | 252s elapsed | ETA 2898s
2026-03-23 21:57:29 [INFO]              50,000 rows | 197 rows/sec | 254s elapsed | ETA 2285s
2026-03-23 21:57:31 [INFO]              60,000 rows | 235 rows/sec | 256s elapsed | ETA 1875s
2026-03-23 21:57:33 [INFO]              70,000 rows | 272 rows/sec | 257s elapsed | ETA 1581s
2026-03-23 21:57:34 [INFO]              80,000 rows | 309 rows/sec | 259s elapsed | ETA 1361s
2026-03-23 21:57:36 [INFO]              90,000 rows | 345 rows/sec | 261s elapsed | ETA 1188s
2026-03-23 21:57:38 [INFO]             100,000 rows | 381 rows/sec | 263s elapsed | ETA 1051s
2026-03-23 21:57:40 [INFO]             110,000 rows | 416 rows/sec | 264s elapsed | ETA 937s
2026-03-23 21:57:41 [INFO]             120,000 rows | 451 rows/sec | 266s elapsed | ETA 843s
2026-03-23 21:57:42 [INFO]     2026-02-18 to 2026-03-04: 120,427 rows
2026-03-23 21:57:42 [INFO]     Processing 2026-03-04 to 2026-03-18...
2026-03-23 21:57:42 [DEBUG]   SQL: 
        SELECT
            CAST(h.TrxDate AS DATE),
            h.RouteCode, ISNULL(rt.Name, ''),
            h.UserCode, ISNULL(u.Description, ''),
            ISNULL(rt.SalesOrgCode, h.OrgCode),
  ...
2026-03-23 21:57:42 [INFO]   Querying MSSQL (this may take a while for large tables)...
2026-03-23 21:57:42 [INFO]   MSSQL query returned in 0.4s - starting load...
2026-03-23 21:57:45 [INFO]              10,000 rows | 37 rows/sec | 270s elapsed | ETA 13219s
2026-03-23 21:57:47 [INFO]              20,000 rows | 74 rows/sec | 271s elapsed | ETA 6515s
2026-03-23 21:57:48 [INFO]              30,000 rows | 110 rows/sec | 273s elapsed | ETA 4280s
2026-03-23 21:57:50 [INFO]     2026-03-04 to 2026-03-18: 35,518 rows
2026-03-23 21:57:50 [INFO]     Processing 2026-03-18 to 2026-03-31...
2026-03-23 21:57:50 [DEBUG]   SQL: 
        SELECT
            CAST(h.TrxDate AS DATE),
            h.RouteCode, ISNULL(rt.Name, ''),
            h.UserCode, ISNULL(u.Description, ''),
            ISNULL(rt.SalesOrgCode, h.OrgCode),
  ...
2026-03-23 21:57:50 [INFO]   Querying MSSQL (this may take a while for large tables)...
2026-03-23 21:57:50 [INFO]   MSSQL query returned in 0.0s - starting load...
2026-03-23 21:57:50 [INFO]     2026-03-18 to 2026-03-31: 0 rows
2026-03-23 21:57:50 [INFO]   [OK] 1,363,076 rows in 274.5s (4,966 rows/sec)
2026-03-23 21:57:50 [INFO]        Progress: 11/16 steps | Est. remaining: 13.5 min
2026-03-23 21:57:50 [INFO] 
──────────────────────────────────────────────────
2026-03-23 21:57:50 [INFO]   [12/16] rpt_eot [█████████████░░░░░░░] 69%
2026-03-23 21:57:50 [INFO]        Expected: ~80,000 rows
2026-03-23 21:57:50 [DEBUG]   SQL: 
        SELECT e.EOTId, e.UserCode, u.Description,
            e.RouteCode, rt.Name, e.SalesOrgCode,
            e.EOTType, e.EOTTime, CAST(e.TripDate AS DATE)
        FROM tblEOT e
        LEFT JOIN...
2026-03-23 21:57:50 [INFO]   Querying MSSQL (this may take a while for large tables)...
2026-03-23 21:57:51 [INFO]   MSSQL query returned in 0.1s - starting load...
2026-03-23 21:57:52 [INFO]              10,000 rows | 3,882 rows/sec | 3s elapsed | ETA 18s
2026-03-23 21:57:54 [INFO]              20,000 rows | 4,820 rows/sec | 4s elapsed | ETA 12s
2026-03-23 21:57:55 [INFO]              30,000 rows | 5,250 rows/sec | 6s elapsed | ETA 10s
2026-03-23 21:57:57 [INFO]              40,000 rows | 5,517 rows/sec | 7s elapsed | ETA 7s
2026-03-23 21:57:58 [INFO]   [OK] 46,233 rows in 8.5s (5,444 rows/sec)
2026-03-23 21:57:58 [INFO]        Progress: 12/16 steps | Est. remaining: 10.0 min
2026-03-23 21:57:58 [INFO] 
──────────────────────────────────────────────────
2026-03-23 21:57:58 [INFO]   [13/16] rpt_journeys [███████████████░░░░░] 75%
2026-03-23 21:57:58 [INFO]        Expected: ~80,000 rows
2026-03-23 21:57:59 [DEBUG]   SQL: 
        SELECT j.JourneyId, j.JourneyCode, CAST(j.Date AS DATE),
            j.UserCode, u.Description, rt.Code, rt.Name, u.SalesOrgCode,
            j.StartTime, j.EndTime, j.VehicleCode
        FRO...
2026-03-23 21:57:59 [INFO]   Querying MSSQL (this may take a while for large tables)...
2026-03-23 21:57:59 [INFO]   MSSQL query returned in 0.1s - starting load...
2026-03-23 21:58:02 [INFO]              10,000 rows | 2,925 rows/sec | 3s elapsed | ETA 24s
2026-03-23 21:58:03 [INFO]              20,000 rows | 3,870 rows/sec | 5s elapsed | ETA 16s
2026-03-23 21:58:05 [INFO]              30,000 rows | 4,322 rows/sec | 7s elapsed | ETA 12s
2026-03-23 21:58:07 [INFO]              40,000 rows | 4,592 rows/sec | 9s elapsed | ETA 9s
2026-03-23 21:58:08 [INFO]   [OK] 47,419 rows in 10.2s (4,653 rows/sec)
2026-03-23 21:58:08 [INFO]        Progress: 13/16 steps | Est. remaining: 6.9 min
2026-03-23 21:58:08 [INFO] 
──────────────────────────────────────────────────
2026-03-23 21:58:08 [INFO]   [14/16] rpt_collections [████████████████░░░░] 81%
2026-03-23 21:58:08 [INFO]        Expected: ~1,500,000 rows
2026-03-23 21:58:09 [DEBUG]   SQL: 
        SELECT ph.ReceiptId, ph.Receipt_Number,
            CAST(ph.ReceiptDate AS DATE), CAST(ph.TripDate AS DATE),
            ph.EmpNo, u.Description, ph.RouteCode, rt.Name,
            ph.SalesOr...
2026-03-23 21:58:09 [INFO]   Querying MSSQL (this may take a while for large tables)...
2026-03-23 21:58:17 [INFO]   MSSQL query returned in 7.5s - starting load...
2026-03-23 21:58:28 [INFO]              50,000 rows | 2,605 rows/sec | 19s elapsed | ETA 557s
2026-03-23 21:58:38 [INFO]             100,000 rows | 3,416 rows/sec | 29s elapsed | ETA 410s
2026-03-23 21:58:48 [INFO]             150,000 rows | 3,830 rows/sec | 39s elapsed | ETA 353s
2026-03-23 21:58:58 [INFO]             200,000 rows | 4,072 rows/sec | 49s elapsed | ETA 319s
2026-03-23 21:59:08 [INFO]             250,000 rows | 4,207 rows/sec | 59s elapsed | ETA 297s
2026-03-23 21:59:18 [INFO]             300,000 rows | 4,316 rows/sec | 70s elapsed | ETA 278s
2026-03-23 21:59:28 [INFO]             350,000 rows | 4,406 rows/sec | 79s elapsed | ETA 261s
2026-03-23 21:59:38 [INFO]             400,000 rows | 4,482 rows/sec | 89s elapsed | ETA 245s
2026-03-23 21:59:47 [INFO]             450,000 rows | 4,549 rows/sec | 99s elapsed | ETA 231s
2026-03-23 21:59:57 [INFO]             500,000 rows | 4,607 rows/sec | 109s elapsed | ETA 217s
2026-03-23 22:00:06 [INFO]             550,000 rows | 4,659 rows/sec | 118s elapsed | ETA 204s
2026-03-23 22:00:16 [INFO]             600,000 rows | 4,704 rows/sec | 128s elapsed | ETA 191s
2026-03-23 22:00:26 [INFO]             650,000 rows | 4,738 rows/sec | 137s elapsed | ETA 179s
2026-03-23 22:00:36 [INFO]             700,000 rows | 4,754 rows/sec | 147s elapsed | ETA 168s
2026-03-23 22:00:45 [INFO]             750,000 rows | 4,775 rows/sec | 157s elapsed | ETA 157s
2026-03-23 22:00:55 [INFO]             800,000 rows | 4,796 rows/sec | 167s elapsed | ETA 146s
2026-03-23 22:01:05 [INFO]             850,000 rows | 4,821 rows/sec | 176s elapsed | ETA 135s
2026-03-23 22:01:14 [INFO]             900,000 rows | 4,844 rows/sec | 186s elapsed | ETA 124s
2026-03-23 22:01:24 [INFO]             950,000 rows | 4,868 rows/sec | 195s elapsed | ETA 113s
2026-03-23 22:01:33 [INFO]           1,000,000 rows | 4,886 rows/sec | 205s elapsed | ETA 102s
2026-03-23 22:01:43 [INFO]           1,050,000 rows | 4,890 rows/sec | 215s elapsed | ETA 92s
2026-03-23 22:01:53 [INFO]           1,100,000 rows | 4,899 rows/sec | 225s elapsed | ETA 82s
2026-03-23 22:02:03 [INFO]           1,150,000 rows | 4,905 rows/sec | 234s elapsed | ETA 71s
2026-03-23 22:02:13 [INFO]           1,200,000 rows | 4,914 rows/sec | 244s elapsed | ETA 61s
2026-03-23 22:02:22 [INFO]           1,250,000 rows | 4,924 rows/sec | 254s elapsed | ETA 51s
2026-03-23 22:02:32 [INFO]           1,300,000 rows | 4,938 rows/sec | 263s elapsed | ETA 41s
2026-03-23 22:02:41 [INFO]           1,350,000 rows | 4,950 rows/sec | 273s elapsed | ETA 30s
2026-03-23 22:02:50 [INFO]           1,400,000 rows | 4,965 rows/sec | 282s elapsed | ETA 20s
2026-03-23 22:03:00 [INFO]           1,450,000 rows | 4,977 rows/sec | 291s elapsed | ETA 10s
2026-03-23 22:03:09 [INFO]           1,500,000 rows | 4,991 rows/sec | 301s elapsed | ETA 0s
2026-03-23 22:03:18 [INFO]           1,550,000 rows | 5,004 rows/sec | 310s elapsed | ETA 0s
2026-03-23 22:03:27 [INFO]           1,600,000 rows | 5,020 rows/sec | 319s elapsed | ETA 0s
2026-03-23 22:03:36 [INFO]           1,650,000 rows | 5,037 rows/sec | 328s elapsed | ETA 0s
2026-03-23 22:03:45 [INFO]           1,700,000 rows | 5,053 rows/sec | 336s elapsed | ETA 0s
2026-03-23 22:03:54 [INFO]           1,750,000 rows | 5,071 rows/sec | 345s elapsed | ETA 0s
2026-03-23 22:04:02 [INFO]           1,800,000 rows | 5,087 rows/sec | 354s elapsed | ETA 0s
2026-03-23 22:04:03 [INFO]   [OK] 1,802,029 rows in 354.8s (5,079 rows/sec)
2026-03-23 22:04:03 [INFO]        Progress: 14/16 steps | Est. remaining: 5.1 min
2026-03-23 22:04:03 [INFO] 
──────────────────────────────────────────────────
2026-03-23 22:04:03 [INFO]   [15/16] rpt_customer_visits [█████████████████░░░] 88%
2026-03-23 22:04:03 [INFO]        Expected: ~3,000,000 rows
2026-03-23 22:45:27 [DEBUG]   SQL: 
        SELECT CAST(cv.CustomerVisitId AS VARCHAR(50)),
            CAST(cv.Date AS DATE), CAST(cv.TripDate AS DATE),
            cv.UserCode, u.Description, cv.RouteCode, rt.Name,
            COALES...
2026-03-23 22:45:27 [INFO]   Querying MSSQL (this may take a while for large tables)...
2026-03-23 22:45:31 [INFO]   MSSQL query returned in 3.7s - starting load...
2026-03-23 22:45:48 [INFO]              50,000 rows | 20 rows/sec | 2505s elapsed | ETA 147802s
2026-03-23 22:46:01 [INFO]             100,000 rows | 40 rows/sec | 2517s elapsed | ETA 73003s
2026-03-23 22:46:14 [INFO]             150,000 rows | 59 rows/sec | 2531s elapsed | ETA 48087s
2026-03-23 22:46:27 [INFO]             200,000 rows | 79 rows/sec | 2544s elapsed | ETA 35612s
2026-03-23 22:46:40 [INFO]             250,000 rows | 98 rows/sec | 2557s elapsed | ETA 28129s
2026-03-23 22:46:58 [INFO]             300,000 rows | 117 rows/sec | 2575s elapsed | ETA 23173s
2026-03-23 22:47:16 [INFO]             350,000 rows | 135 rows/sec | 2592s elapsed | ETA 19628s
2026-03-23 22:47:33 [INFO]             400,000 rows | 153 rows/sec | 2610s elapsed | ETA 16962s
2026-03-23 22:47:49 [INFO]             450,000 rows | 171 rows/sec | 2626s elapsed | ETA 14881s
2026-03-23 22:48:06 [INFO]             500,000 rows | 189 rows/sec | 2643s elapsed | ETA 13214s
2026-03-23 22:48:22 [INFO]             550,000 rows | 207 rows/sec | 2659s elapsed | ETA 11846s
2026-03-23 22:48:38 [INFO]             600,000 rows | 224 rows/sec | 2675s elapsed | ETA 10700s
2026-03-23 22:48:53 [INFO]             650,000 rows | 242 rows/sec | 2690s elapsed | ETA 9726s
2026-03-23 22:49:09 [INFO]             700,000 rows | 259 rows/sec | 2705s elapsed | ETA 8889s
2026-03-23 22:49:23 [INFO]             750,000 rows | 276 rows/sec | 2720s elapsed | ETA 8160s
2026-03-23 22:49:38 [INFO]             800,000 rows | 293 rows/sec | 2735s elapsed | ETA 7520s
2026-03-23 22:49:52 [INFO]             850,000 rows | 309 rows/sec | 2749s elapsed | ETA 6953s
2026-03-23 22:50:09 [INFO]             900,000 rows | 325 rows/sec | 2766s elapsed | ETA 6454s
2026-03-23 22:50:26 [INFO]             950,000 rows | 341 rows/sec | 2783s elapsed | ETA 6005s
2026-03-23 22:50:42 [INFO]           1,000,000 rows | 357 rows/sec | 2799s elapsed | ETA 5598s
2026-03-23 22:50:58 [INFO]           1,050,000 rows | 373 rows/sec | 2815s elapsed | ETA 5228s
2026-03-23 22:51:14 [INFO]           1,100,000 rows | 389 rows/sec | 2831s elapsed | ETA 4889s
2026-03-23 22:51:29 [INFO]           1,150,000 rows | 404 rows/sec | 2846s elapsed | ETA 4578s
2026-03-23 22:51:44 [INFO]           1,200,000 rows | 420 rows/sec | 2861s elapsed | ETA 4291s
2026-03-23 22:51:59 [INFO]           1,250,000 rows | 435 rows/sec | 2876s elapsed | ETA 4027s
2026-03-23 22:52:15 [INFO]           1,300,000 rows | 449 rows/sec | 2892s elapsed | ETA 3782s
2026-03-23 22:52:31 [INFO]           1,350,000 rows | 464 rows/sec | 2908s elapsed | ETA 3554s
2026-03-23 22:52:48 [INFO]           1,400,000 rows | 479 rows/sec | 2924s elapsed | ETA 3342s
2026-03-23 22:53:04 [INFO]           1,450,000 rows | 493 rows/sec | 2941s elapsed | ETA 3144s
2026-03-23 22:53:20 [INFO]           1,500,000 rows | 507 rows/sec | 2957s elapsed | ETA 2957s
2026-03-23 22:53:36 [INFO]           1,550,000 rows | 521 rows/sec | 2972s elapsed | ETA 2781s
2026-03-23 22:53:51 [INFO]           1,600,000 rows | 536 rows/sec | 2988s elapsed | ETA 2614s
2026-03-23 22:54:06 [INFO]           1,650,000 rows | 550 rows/sec | 3003s elapsed | ETA 2457s
2026-03-23 22:54:20 [INFO]           1,700,000 rows | 563 rows/sec | 3017s elapsed | ETA 2307s
2026-03-23 22:54:35 [INFO]           1,750,000 rows | 577 rows/sec | 3032s elapsed | ETA 2165s
2026-03-23 22:54:49 [INFO]           1,800,000 rows | 591 rows/sec | 3046s elapsed | ETA 2030s
2026-03-23 22:55:03 [INFO]           1,850,000 rows | 605 rows/sec | 3059s elapsed | ETA 1902s
2026-03-23 22:55:18 [INFO]           1,900,000 rows | 618 rows/sec | 3075s elapsed | ETA 1780s
2026-03-23 22:55:24 [INFO]   [OK] 1,915,620 rows in 3080.4s (622 rows/sec)
2026-03-23 22:55:24 [INFO]        Progress: 15/16 steps | Est. remaining: 5.8 min
2026-03-23 22:55:24 [INFO] 
──────────────────────────────────────────────────
2026-03-23 22:55:24 [INFO]   [16/16] rpt_journey_plan [██████████████████░░] 94%
2026-03-23 22:55:24 [INFO]        Expected: ~2,000,000 rows
2026-03-23 22:55:24 [DEBUG]   SQL: 
        SELECT jp.DailyJourneyPlanId, CAST(jp.JourneyDate AS DATE),
            ISNULL(jp.SalesmanCode, jp.UserCode),
            ISNULL(u.Description, ''),
            jp.CustomerCode, ISNULL(c.Desc...
2026-03-23 22:55:24 [INFO]   Querying MSSQL (this may take a while for large tables)...
2026-03-23 22:55:24 [INFO]   MSSQL query returned in 0.1s - starting load...
2026-03-23 22:55:32 [INFO]              50,000 rows | 5,664 rows/sec | 9s elapsed | ETA 344s
2026-03-23 22:55:39 [INFO]             100,000 rows | 6,325 rows/sec | 16s elapsed | ETA 300s
2026-03-23 22:55:46 [INFO]             150,000 rows | 6,557 rows/sec | 23s elapsed | ETA 282s
2026-03-23 22:55:53 [INFO]             200,000 rows | 6,727 rows/sec | 30s elapsed | ETA 268s
2026-03-23 22:56:00 [INFO]             250,000 rows | 6,859 rows/sec | 36s elapsed | ETA 255s
2026-03-23 22:56:07 [INFO]             300,000 rows | 6,955 rows/sec | 43s elapsed | ETA 244s
2026-03-23 22:56:13 [INFO]             350,000 rows | 7,024 rows/sec | 50s elapsed | ETA 235s
2026-03-23 22:56:20 [INFO]             400,000 rows | 7,097 rows/sec | 56s elapsed | ETA 225s
2026-03-23 22:56:26 [INFO]             450,000 rows | 7,158 rows/sec | 63s elapsed | ETA 217s
2026-03-23 22:56:33 [INFO]             500,000 rows | 7,191 rows/sec | 70s elapsed | ETA 209s
2026-03-23 22:56:40 [INFO]             550,000 rows | 7,225 rows/sec | 76s elapsed | ETA 201s
2026-03-23 22:56:47 [INFO]             600,000 rows | 7,219 rows/sec | 83s elapsed | ETA 194s
2026-03-23 22:56:54 [INFO]             650,000 rows | 7,220 rows/sec | 90s elapsed | ETA 187s
2026-03-23 22:57:01 [INFO]             700,000 rows | 7,219 rows/sec | 97s elapsed | ETA 180s
2026-03-23 22:57:07 [INFO]             750,000 rows | 7,224 rows/sec | 104s elapsed | ETA 173s
2026-03-23 22:57:14 [INFO]             800,000 rows | 7,236 rows/sec | 111s elapsed | ETA 166s
2026-03-23 22:57:21 [INFO]             850,000 rows | 7,253 rows/sec | 117s elapsed | ETA 159s
2026-03-23 22:57:27 [INFO]             900,000 rows | 7,265 rows/sec | 124s elapsed | ETA 151s
2026-03-23 22:57:34 [INFO]             950,000 rows | 7,275 rows/sec | 131s elapsed | ETA 144s
2026-03-23 22:57:41 [INFO]           1,000,000 rows | 7,288 rows/sec | 137s elapsed | ETA 137s
2026-03-23 22:57:47 [INFO]           1,050,000 rows | 7,297 rows/sec | 144s elapsed | ETA 130s
2026-03-23 22:57:54 [INFO]           1,100,000 rows | 7,307 rows/sec | 151s elapsed | ETA 123s
2026-03-23 22:58:01 [INFO]           1,150,000 rows | 7,298 rows/sec | 158s elapsed | ETA 116s
2026-03-23 22:58:09 [INFO]           1,200,000 rows | 7,254 rows/sec | 165s elapsed | ETA 110s
2026-03-23 22:58:17 [INFO]           1,250,000 rows | 7,226 rows/sec | 173s elapsed | ETA 104s
2026-03-23 22:58:25 [INFO]           1,300,000 rows | 7,170 rows/sec | 181s elapsed | ETA 98s
2026-03-23 22:58:33 [INFO]           1,350,000 rows | 7,114 rows/sec | 190s elapsed | ETA 91s
2026-03-23 22:58:42 [INFO]           1,400,000 rows | 7,045 rows/sec | 199s elapsed | ETA 85s
2026-03-23 22:58:52 [INFO]           1,450,000 rows | 6,963 rows/sec | 208s elapsed | ETA 79s
2026-03-23 22:59:01 [INFO]           1,500,000 rows | 6,896 rows/sec | 218s elapsed | ETA 73s
2026-03-23 22:59:10 [INFO]           1,550,000 rows | 6,838 rows/sec | 227s elapsed | ETA 66s
2026-03-23 22:59:19 [INFO]           1,600,000 rows | 6,789 rows/sec | 236s elapsed | ETA 59s
2026-03-23 22:59:29 [INFO]           1,650,000 rows | 6,718 rows/sec | 246s elapsed | ETA 52s
2026-03-23 22:59:39 [INFO]           1,700,000 rows | 6,650 rows/sec | 256s elapsed | ETA 45s
2026-03-23 22:59:49 [INFO]           1,750,000 rows | 6,602 rows/sec | 265s elapsed | ETA 38s
2026-03-23 22:59:58 [INFO]           1,800,000 rows | 6,566 rows/sec | 274s elapsed | ETA 30s
2026-03-23 23:00:06 [INFO]           1,850,000 rows | 6,541 rows/sec | 283s elapsed | ETA 23s
2026-03-23 23:00:15 [INFO]           1,900,000 rows | 6,518 rows/sec | 291s elapsed | ETA 15s
2026-03-23 23:00:24 [INFO]           1,950,000 rows | 6,492 rows/sec | 300s elapsed | ETA 8s
2026-03-23 23:00:31 [INFO]   [OK] 1,988,189 rows in 307.1s (6,473 rows/sec)
2026-03-23 23:00:31 [INFO] 
──────────────────────────────────────────────────
2026-03-23 23:00:31 [INFO]   [17/16] rpt_outstanding [████████████████████] 100%
2026-03-23 23:00:31 [INFO]        Expected: ~5,000,000 rows
2026-03-23 23:00:31 [DEBUG]   SQL: 
        SELECT mpi.MiddleWarePendingInvoiceId, mpi.TrxCode,
            mpi.OrgCode, so.Description, mpi.ClientCode, c.Description, ch.Description,
            mpi.TrxDate, mpi.DueDate,
            m...
2026-03-23 23:00:31 [INFO]   Querying MSSQL (this may take a while for large tables)...
2026-03-23 23:00:32 [INFO]   MSSQL query returned - starting load with Python date conversion...
2026-03-23 23:00:47 [INFO]              50,000 rows | 3,100 rows/sec | 16s elapsed | ETA 1597s
2026-03-23 23:01:01 [INFO]             100,000 rows | 3,252 rows/sec | 31s elapsed | ETA 1507s
2026-03-23 23:01:16 [INFO]             150,000 rows | 3,334 rows/sec | 45s elapsed | ETA 1455s
2026-03-23 23:01:32 [INFO]             200,000 rows | 3,276 rows/sec | 61s elapsed | ETA 1465s
2026-03-23 23:01:48 [INFO]             250,000 rows | 3,223 rows/sec | 78s elapsed | ETA 1474s
2026-03-23 23:02:04 [INFO]             300,000 rows | 3,209 rows/sec | 93s elapsed | ETA 1464s
2026-03-23 23:02:19 [INFO]             350,000 rows | 3,236 rows/sec | 108s elapsed | ETA 1437s
2026-03-23 23:02:34 [INFO]             400,000 rows | 3,249 rows/sec | 123s elapsed | ETA 1416s
2026-03-23 23:02:50 [INFO]             450,000 rows | 3,233 rows/sec | 139s elapsed | ETA 1408s
2026-03-23 23:03:05 [INFO]             500,000 rows | 3,233 rows/sec | 155s elapsed | ETA 1392s
2026-03-23 23:03:22 [INFO]             550,000 rows | 3,212 rows/sec | 171s elapsed | ETA 1386s
2026-03-23 23:03:37 [INFO]             600,000 rows | 3,226 rows/sec | 186s elapsed | ETA 1364s
2026-03-23 23:03:51 [INFO]             650,000 rows | 3,243 rows/sec | 200s elapsed | ETA 1342s
2026-03-23 23:04:07 [INFO]             700,000 rows | 3,243 rows/sec | 216s elapsed | ETA 1326s
2026-03-23 23:04:21 [INFO]             750,000 rows | 3,255 rows/sec | 230s elapsed | ETA 1306s
2026-03-23 23:04:36 [INFO]             800,000 rows | 3,261 rows/sec | 245s elapsed | ETA 1288s
2026-03-23 23:04:51 [INFO]             850,000 rows | 3,262 rows/sec | 261s elapsed | ETA 1272s
2026-03-23 23:05:06 [INFO]             900,000 rows | 3,268 rows/sec | 275s elapsed | ETA 1255s
2026-03-23 23:05:22 [INFO]             950,000 rows | 3,257 rows/sec | 292s elapsed | ETA 1243s
2026-03-23 23:05:38 [INFO]           1,000,000 rows | 3,254 rows/sec | 307s elapsed | ETA 1229s
2026-03-23 23:05:54 [INFO]           1,050,000 rows | 3,246 rows/sec | 323s elapsed | ETA 1217s
2026-03-23 23:06:10 [INFO]           1,100,000 rows | 3,247 rows/sec | 339s elapsed | ETA 1201s
2026-03-23 23:06:25 [INFO]           1,150,000 rows | 3,250 rows/sec | 354s elapsed | ETA 1185s
2026-03-23 23:06:41 [INFO]           1,200,000 rows | 3,240 rows/sec | 370s elapsed | ETA 1173s
2026-03-23 23:06:59 [INFO]           1,250,000 rows | 3,220 rows/sec | 388s elapsed | ETA 1165s
2026-03-23 23:07:16 [INFO]           1,300,000 rows | 3,209 rows/sec | 405s elapsed | ETA 1153s
2026-03-23 23:07:32 [INFO]           1,350,000 rows | 3,203 rows/sec | 421s elapsed | ETA 1139s
2026-03-23 23:07:48 [INFO]           1,400,000 rows | 3,201 rows/sec | 437s elapsed | ETA 1125s
2026-03-23 23:08:04 [INFO]           1,450,000 rows | 3,201 rows/sec | 453s elapsed | ETA 1109s
2026-03-23 23:08:18 [INFO]           1,500,000 rows | 3,207 rows/sec | 468s elapsed | ETA 1091s
2026-03-23 23:08:35 [INFO]           1,550,000 rows | 3,200 rows/sec | 484s elapsed | ETA 1078s
2026-03-23 23:08:51 [INFO]           1,600,000 rows | 3,200 rows/sec | 500s elapsed | ETA 1063s
2026-03-23 23:09:06 [INFO]           1,650,000 rows | 3,202 rows/sec | 515s elapsed | ETA 1046s
2026-03-23 23:09:21 [INFO]           1,700,000 rows | 3,204 rows/sec | 531s elapsed | ETA 1030s
2026-03-23 23:09:36 [INFO]           1,750,000 rows | 3,210 rows/sec | 545s elapsed | ETA 1013s
2026-03-23 23:09:50 [INFO]           1,800,000 rows | 3,216 rows/sec | 560s elapsed | ETA 995s
2026-03-23 23:10:04 [INFO]           1,850,000 rows | 3,225 rows/sec | 574s elapsed | ETA 977s
2026-03-23 23:10:18 [INFO]           1,900,000 rows | 3,234 rows/sec | 587s elapsed | ETA 959s
2026-03-23 23:10:32 [INFO]           1,950,000 rows | 3,244 rows/sec | 601s elapsed | ETA 940s
2026-03-23 23:10:45 [INFO]           2,000,000 rows | 3,256 rows/sec | 614s elapsed | ETA 921s
2026-03-23 23:10:58 [INFO]           2,050,000 rows | 3,268 rows/sec | 627s elapsed | ETA 903s
2026-03-23 23:11:11 [INFO]           2,100,000 rows | 3,282 rows/sec | 640s elapsed | ETA 884s
2026-03-23 23:11:23 [INFO]           2,150,000 rows | 3,294 rows/sec | 653s elapsed | ETA 865s
2026-03-23 23:11:36 [INFO]           2,200,000 rows | 3,306 rows/sec | 665s elapsed | ETA 847s
2026-03-23 23:11:48 [INFO]           2,250,000 rows | 3,320 rows/sec | 678s elapsed | ETA 828s
2026-03-23 23:12:01 [INFO]           2,300,000 rows | 3,332 rows/sec | 690s elapsed | ETA 810s
2026-03-23 23:12:13 [INFO]           2,350,000 rows | 3,346 rows/sec | 702s elapsed | ETA 792s
2026-03-23 23:12:25 [INFO]           2,400,000 rows | 3,360 rows/sec | 714s elapsed | ETA 774s
2026-03-23 23:12:37 [INFO]           2,450,000 rows | 3,374 rows/sec | 726s elapsed | ETA 756s
2026-03-23 23:12:48 [INFO]           2,500,000 rows | 3,389 rows/sec | 738s elapsed | ETA 738s
2026-03-23 23:13:01 [INFO]           2,550,000 rows | 3,399 rows/sec | 750s elapsed | ETA 721s
2026-03-23 23:13:14 [INFO]           2,600,000 rows | 3,405 rows/sec | 764s elapsed | ETA 705s
2026-03-23 23:13:27 [INFO]           2,650,000 rows | 3,413 rows/sec | 777s elapsed | ETA 689s
2026-03-23 23:13:40 [INFO]           2,700,000 rows | 3,421 rows/sec | 789s elapsed | ETA 672s
2026-03-23 23:13:53 [INFO]           2,750,000 rows | 3,428 rows/sec | 802s elapsed | ETA 656s
2026-03-23 23:14:05 [INFO]           2,800,000 rows | 3,437 rows/sec | 815s elapsed | ETA 640s
2026-03-23 23:14:18 [INFO]           2,850,000 rows | 3,443 rows/sec | 828s elapsed | ETA 624s
2026-03-23 23:14:32 [INFO]           2,900,000 rows | 3,448 rows/sec | 841s elapsed | ETA 609s
2026-03-23 23:14:46 [INFO]           2,950,000 rows | 3,450 rows/sec | 855s elapsed | ETA 594s
2026-03-23 23:15:00 [INFO]           3,000,000 rows | 3,451 rows/sec | 869s elapsed | ETA 580s
2026-03-23 23:15:14 [INFO]           3,050,000 rows | 3,454 rows/sec | 883s elapsed | ETA 565s
2026-03-23 23:15:27 [INFO]           3,100,000 rows | 3,457 rows/sec | 897s elapsed | ETA 550s
2026-03-23 23:15:41 [INFO]           3,150,000 rows | 3,461 rows/sec | 910s elapsed | ETA 535s
2026-03-23 23:15:54 [INFO]           3,200,000 rows | 3,465 rows/sec | 923s elapsed | ETA 519s
2026-03-23 23:16:07 [INFO]           3,250,000 rows | 3,471 rows/sec | 936s elapsed | ETA 504s
2026-03-23 23:16:20 [INFO]           3,300,000 rows | 3,477 rows/sec | 949s elapsed | ETA 489s
2026-03-23 23:16:32 [INFO]           3,350,000 rows | 3,483 rows/sec | 962s elapsed | ETA 474s
2026-03-23 23:16:48 [INFO]           3,400,000 rows | 3,481 rows/sec | 977s elapsed | ETA 460s
2026-03-23 23:17:03 [INFO]           3,450,000 rows | 3,475 rows/sec | 993s elapsed | ETA 446s
2026-03-23 23:17:18 [INFO]           3,500,000 rows | 3,474 rows/sec | 1008s elapsed | ETA 432s
2026-03-23 23:17:33 [INFO]           3,550,000 rows | 3,472 rows/sec | 1022s elapsed | ETA 418s
2026-03-23 23:17:47 [INFO]           3,600,000 rows | 3,473 rows/sec | 1037s elapsed | ETA 403s
2026-03-23 23:18:01 [INFO]           3,650,000 rows | 3,475 rows/sec | 1050s elapsed | ETA 388s
2026-03-23 23:18:15 [INFO]           3,700,000 rows | 3,477 rows/sec | 1064s elapsed | ETA 374s
2026-03-23 23:18:29 [INFO]           3,750,000 rows | 3,478 rows/sec | 1078s elapsed | ETA 359s
2026-03-23 23:18:42 [INFO]           3,800,000 rows | 3,481 rows/sec | 1092s elapsed | ETA 345s
2026-03-23 23:18:56 [INFO]           3,850,000 rows | 3,484 rows/sec | 1105s elapsed | ETA 330s
2026-03-23 23:19:09 [INFO]           3,900,000 rows | 3,488 rows/sec | 1118s elapsed | ETA 315s
2026-03-23 23:19:22 [INFO]           3,950,000 rows | 3,493 rows/sec | 1131s elapsed | ETA 301s
2026-03-23 23:19:34 [INFO]           4,000,000 rows | 3,497 rows/sec | 1144s elapsed | ETA 286s
2026-03-23 23:19:48 [INFO]           4,050,000 rows | 3,501 rows/sec | 1157s elapsed | ETA 271s
2026-03-23 23:20:01 [INFO]           4,100,000 rows | 3,505 rows/sec | 1170s elapsed | ETA 257s
2026-03-23 23:20:13 [INFO]           4,150,000 rows | 3,510 rows/sec | 1182s elapsed | ETA 242s
2026-03-23 23:20:26 [INFO]           4,200,000 rows | 3,514 rows/sec | 1195s elapsed | ETA 228s
2026-03-23 23:20:38 [INFO]           4,250,000 rows | 3,520 rows/sec | 1208s elapsed | ETA 213s
2026-03-23 23:20:50 [INFO]           4,300,000 rows | 3,525 rows/sec | 1220s elapsed | ETA 199s
2026-03-23 23:21:03 [INFO]           4,350,000 rows | 3,531 rows/sec | 1232s elapsed | ETA 184s
2026-03-23 23:21:14 [INFO]           4,400,000 rows | 3,538 rows/sec | 1244s elapsed | ETA 170s
2026-03-23 23:21:26 [INFO]           4,450,000 rows | 3,544 rows/sec | 1256s elapsed | ETA 155s
2026-03-23 23:21:38 [INFO]           4,500,000 rows | 3,550 rows/sec | 1268s elapsed | ETA 141s
2026-03-23 23:21:50 [INFO]           4,550,000 rows | 3,556 rows/sec | 1279s elapsed | ETA 127s
2026-03-23 23:22:02 [INFO]           4,600,000 rows | 3,564 rows/sec | 1291s elapsed | ETA 112s
2026-03-23 23:22:13 [INFO]           4,650,000 rows | 3,571 rows/sec | 1302s elapsed | ETA 98s
2026-03-23 23:22:24 [INFO]           4,700,000 rows | 3,578 rows/sec | 1313s elapsed | ETA 84s
2026-03-23 23:22:36 [INFO]           4,750,000 rows | 3,585 rows/sec | 1325s elapsed | ETA 70s
2026-03-23 23:22:47 [INFO]           4,800,000 rows | 3,593 rows/sec | 1336s elapsed | ETA 56s
2026-03-23 23:22:58 [INFO]           4,850,000 rows | 3,601 rows/sec | 1347s elapsed | ETA 42s
2026-03-23 23:23:09 [INFO]           4,900,000 rows | 3,608 rows/sec | 1358s elapsed | ETA 28s
2026-03-23 23:23:20 [INFO]           4,950,000 rows | 3,616 rows/sec | 1369s elapsed | ETA 14s
2026-03-23 23:23:30 [INFO]           5,000,000 rows | 3,624 rows/sec | 1380s elapsed | ETA 0s
2026-03-23 23:23:41 [INFO]           5,050,000 rows | 3,632 rows/sec | 1390s elapsed | ETA 0s
2026-03-23 23:23:53 [INFO]           5,100,000 rows | 3,638 rows/sec | 1402s elapsed | ETA 0s
2026-03-23 23:24:04 [INFO]           5,150,000 rows | 3,644 rows/sec | 1413s elapsed | ETA 0s
2026-03-23 23:24:15 [INFO]           5,200,000 rows | 3,651 rows/sec | 1424s elapsed | ETA 0s
2026-03-23 23:24:26 [INFO]           5,250,000 rows | 3,657 rows/sec | 1436s elapsed | ETA 0s
2026-03-23 23:24:40 [INFO]           5,300,000 rows | 3,657 rows/sec | 1449s elapsed | ETA 0s
2026-03-23 23:24:53 [INFO]           5,350,000 rows | 3,658 rows/sec | 1463s elapsed | ETA 0s
2026-03-23 23:25:07 [INFO]           5,400,000 rows | 3,659 rows/sec | 1476s elapsed | ETA 0s
2026-03-23 23:25:19 [INFO]           5,450,000 rows | 3,661 rows/sec | 1489s elapsed | ETA 0s
2026-03-23 23:25:32 [INFO]           5,500,000 rows | 3,663 rows/sec | 1501s elapsed | ETA 0s
2026-03-23 23:25:45 [INFO]           5,550,000 rows | 3,666 rows/sec | 1514s elapsed | ETA 0s
2026-03-23 23:25:57 [INFO]           5,600,000 rows | 3,669 rows/sec | 1526s elapsed | ETA 0s
2026-03-23 23:26:11 [INFO]           5,650,000 rows | 3,669 rows/sec | 1540s elapsed | ETA 0s
2026-03-23 23:26:24 [INFO]           5,700,000 rows | 3,669 rows/sec | 1553s elapsed | ETA 0s
2026-03-23 23:26:38 [INFO]           5,750,000 rows | 3,670 rows/sec | 1567s elapsed | ETA 0s
2026-03-23 23:26:52 [INFO]           5,800,000 rows | 3,669 rows/sec | 1581s elapsed | ETA 0s
2026-03-23 23:27:05 [INFO]           5,850,000 rows | 3,669 rows/sec | 1595s elapsed | ETA 0s
2026-03-23 23:27:19 [INFO]           5,900,000 rows | 3,668 rows/sec | 1608s elapsed | ETA 0s
2026-03-23 23:27:32 [INFO]           5,950,000 rows | 3,669 rows/sec | 1622s elapsed | ETA 0s
2026-03-23 23:27:45 [INFO]           6,000,000 rows | 3,670 rows/sec | 1635s elapsed | ETA 0s
2026-03-23 23:27:58 [INFO]           6,050,000 rows | 3,672 rows/sec | 1648s elapsed | ETA 0s
2026-03-23 23:28:11 [INFO]           6,100,000 rows | 3,674 rows/sec | 1661s elapsed | ETA 0s
2026-03-23 23:28:24 [INFO]           6,150,000 rows | 3,676 rows/sec | 1673s elapsed | ETA 0s
2026-03-23 23:28:36 [INFO]           6,200,000 rows | 3,679 rows/sec | 1685s elapsed | ETA 0s
2026-03-23 23:28:49 [INFO]           6,250,000 rows | 3,681 rows/sec | 1698s elapsed | ETA 0s
2026-03-23 23:29:01 [INFO]           6,300,000 rows | 3,684 rows/sec | 1710s elapsed | ETA 0s
2026-03-23 23:29:13 [INFO]           6,350,000 rows | 3,688 rows/sec | 1722s elapsed | ETA 0s
2026-03-23 23:29:25 [INFO]           6,400,000 rows | 3,691 rows/sec | 1734s elapsed | ETA 0s
2026-03-23 23:29:37 [INFO]           6,450,000 rows | 3,694 rows/sec | 1746s elapsed | ETA 0s
2026-03-23 23:29:49 [INFO]           6,500,000 rows | 3,697 rows/sec | 1758s elapsed | ETA 0s
2026-03-23 23:30:01 [INFO]           6,550,000 rows | 3,700 rows/sec | 1770s elapsed | ETA 0s
2026-03-23 23:30:13 [INFO]           6,600,000 rows | 3,703 rows/sec | 1782s elapsed | ETA 0s
2026-03-23 23:30:25 [INFO]           6,650,000 rows | 3,707 rows/sec | 1794s elapsed | ETA 0s
2026-03-23 23:30:36 [INFO]           6,700,000 rows | 3,711 rows/sec | 1805s elapsed | ETA 0s
2026-03-23 23:30:48 [INFO]           6,750,000 rows | 3,715 rows/sec | 1817s elapsed | ETA 0s
2026-03-23 23:30:59 [INFO]           6,800,000 rows | 3,719 rows/sec | 1828s elapsed | ETA 0s
2026-03-23 23:31:10 [INFO]           6,850,000 rows | 3,724 rows/sec | 1840s elapsed | ETA 0s
2026-03-23 23:31:21 [INFO]           6,900,000 rows | 3,728 rows/sec | 1851s elapsed | ETA 0s
2026-03-23 23:31:32 [INFO]           6,950,000 rows | 3,733 rows/sec | 1862s elapsed | ETA 0s
2026-03-23 23:31:44 [INFO]           7,000,000 rows | 3,738 rows/sec | 1873s elapsed | ETA 0s
2026-03-23 23:31:55 [INFO]           7,050,000 rows | 3,741 rows/sec | 1884s elapsed | ETA 0s
2026-03-23 23:32:07 [INFO]           7,100,000 rows | 3,745 rows/sec | 1896s elapsed | ETA 0s
2026-03-23 23:32:18 [INFO]           7,150,000 rows | 3,749 rows/sec | 1907s elapsed | ETA 0s
2026-03-23 23:32:29 [INFO]           7,200,000 rows | 3,753 rows/sec | 1918s elapsed | ETA 0s
2026-03-23 23:32:41 [INFO]           7,250,000 rows | 3,755 rows/sec | 1931s elapsed | ETA 0s
2026-03-23 23:32:55 [INFO]           7,300,000 rows | 3,754 rows/sec | 1944s elapsed | ETA 0s
2026-03-23 23:33:08 [INFO]           7,350,000 rows | 3,754 rows/sec | 1958s elapsed | ETA 0s
2026-03-23 23:33:22 [INFO]           7,400,000 rows | 3,754 rows/sec | 1971s elapsed | ETA 0s
2026-03-23 23:33:36 [INFO]           7,450,000 rows | 3,753 rows/sec | 1985s elapsed | ETA 0s
2026-03-23 23:33:50 [INFO]           7,500,000 rows | 3,752 rows/sec | 1999s elapsed | ETA 0s
2026-03-23 23:34:03 [INFO]           7,550,000 rows | 3,751 rows/sec | 2013s elapsed | ETA 0s
2026-03-23 23:34:17 [INFO]           7,600,000 rows | 3,751 rows/sec | 2026s elapsed | ETA 0s
2026-03-23 23:34:30 [INFO]           7,650,000 rows | 3,751 rows/sec | 2039s elapsed | ETA 0s
2026-03-23 23:34:43 [INFO]           7,700,000 rows | 3,751 rows/sec | 2053s elapsed | ETA 0s
2026-03-23 23:34:57 [INFO]           7,750,000 rows | 3,752 rows/sec | 2066s elapsed | ETA 0s
2026-03-23 23:35:09 [INFO]           7,800,000 rows | 3,752 rows/sec | 2079s elapsed | ETA 0s
2026-03-23 23:35:24 [INFO]           7,850,000 rows | 3,750 rows/sec | 2093s elapsed | ETA 0s
2026-03-23 23:35:39 [INFO]           7,900,000 rows | 3,747 rows/sec | 2108s elapsed | ETA 0s
2026-03-23 23:35:54 [INFO]           7,950,000 rows | 3,744 rows/sec | 2123s elapsed | ETA 0s
2026-03-23 23:36:08 [INFO]           8,000,000 rows | 3,742 rows/sec | 2138s elapsed | ETA 0s
2026-03-23 23:36:23 [INFO]           8,050,000 rows | 3,741 rows/sec | 2152s elapsed | ETA 0s
2026-03-23 23:36:37 [INFO]           8,100,000 rows | 3,740 rows/sec | 2166s elapsed | ETA 0s
2026-03-23 23:36:50 [INFO]           8,150,000 rows | 3,739 rows/sec | 2180s elapsed | ETA 0s
2026-03-23 23:37:06 [INFO]           8,200,000 rows | 3,736 rows/sec | 2195s elapsed | ETA 0s
2026-03-23 23:37:21 [INFO]           8,250,000 rows | 3,732 rows/sec | 2211s elapsed | ETA 0s
2026-03-23 23:37:37 [INFO]           8,300,000 rows | 3,728 rows/sec | 2226s elapsed | ETA 0s
2026-03-23 23:37:52 [INFO]           8,350,000 rows | 3,725 rows/sec | 2242s elapsed | ETA 0s
2026-03-23 23:38:14 [INFO]           8,400,000 rows | 3,712 rows/sec | 2263s elapsed | ETA 0s
2026-03-23 23:38:31 [INFO]           8,450,000 rows | 3,706 rows/sec | 2280s elapsed | ETA 0s
2026-03-23 23:38:47 [INFO]           8,500,000 rows | 3,702 rows/sec | 2296s elapsed | ETA 0s
2026-03-23 23:39:04 [INFO]           8,550,000 rows | 3,696 rows/sec | 2313s elapsed | ETA 0s
2026-03-23 23:39:19 [INFO]           8,600,000 rows | 3,694 rows/sec | 2328s elapsed | ETA 0s
2026-03-23 23:39:33 [INFO]           8,650,000 rows | 3,693 rows/sec | 2343s elapsed | ETA 0s
2026-03-23 23:39:47 [INFO]           8,700,000 rows | 3,692 rows/sec | 2357s elapsed | ETA 0s
2026-03-23 23:40:01 [INFO]           8,750,000 rows | 3,691 rows/sec | 2371s elapsed | ETA 0s
2026-03-23 23:40:17 [INFO]           8,800,000 rows | 3,687 rows/sec | 2387s elapsed | ETA 0s
2026-03-23 23:40:34 [INFO]           8,850,000 rows | 3,683 rows/sec | 2403s elapsed | ETA 0s
2026-03-23 23:40:49 [INFO]           8,900,000 rows | 3,680 rows/sec | 2418s elapsed | ETA 0s
2026-03-23 23:41:04 [INFO]           8,950,000 rows | 3,678 rows/sec | 2434s elapsed | ETA 0s
2026-03-23 23:41:19 [INFO]           9,000,000 rows | 3,676 rows/sec | 2448s elapsed | ETA 0s
2026-03-23 23:41:34 [INFO]           9,050,000 rows | 3,674 rows/sec | 2463s elapsed | ETA 0s
2026-03-23 23:41:48 [INFO]           9,100,000 rows | 3,674 rows/sec | 2477s elapsed | ETA 0s
2026-03-23 23:42:02 [INFO]           9,150,000 rows | 3,673 rows/sec | 2491s elapsed | ETA 0s
2026-03-23 23:42:16 [INFO]           9,200,000 rows | 3,673 rows/sec | 2505s elapsed | ETA 0s
2026-03-23 23:42:29 [INFO]           9,250,000 rows | 3,673 rows/sec | 2518s elapsed | ETA 0s
2026-03-23 23:42:42 [INFO]           9,300,000 rows | 3,674 rows/sec | 2532s elapsed | ETA 0s
2026-03-23 23:42:55 [INFO]           9,350,000 rows | 3,674 rows/sec | 2545s elapsed | ETA 0s
2026-03-23 23:43:08 [INFO]           9,400,000 rows | 3,676 rows/sec | 2557s elapsed | ETA 0s
2026-03-23 23:43:21 [INFO]           9,450,000 rows | 3,677 rows/sec | 2570s elapsed | ETA 0s
2026-03-23 23:43:33 [INFO]           9,500,000 rows | 3,679 rows/sec | 2582s elapsed | ETA 0s
2026-03-23 23:43:45 [INFO]           9,550,000 rows | 3,681 rows/sec | 2595s elapsed | ETA 0s
2026-03-23 23:43:58 [INFO]           9,600,000 rows | 3,683 rows/sec | 2607s elapsed | ETA 0s
2026-03-23 23:44:09 [INFO]           9,650,000 rows | 3,685 rows/sec | 2619s elapsed | ETA 0s
2026-03-23 23:44:21 [INFO]           9,700,000 rows | 3,687 rows/sec | 2631s elapsed | ETA 0s
2026-03-23 23:44:33 [INFO]           9,750,000 rows | 3,689 rows/sec | 2643s elapsed | ETA 0s
2026-03-23 23:44:46 [INFO]           9,800,000 rows | 3,690 rows/sec | 2656s elapsed | ETA 0s
2026-03-23 23:45:01 [INFO]           9,850,000 rows | 3,689 rows/sec | 2670s elapsed | ETA 0s
2026-03-23 23:45:16 [INFO]           9,900,000 rows | 3,687 rows/sec | 2685s elapsed | ETA 0s
2026-03-23 23:45:32 [INFO]           9,950,000 rows | 3,683 rows/sec | 2701s elapsed | ETA 0s
2026-03-23 23:45:46 [INFO]          10,000,000 rows | 3,682 rows/sec | 2716s elapsed | ETA 0s
2026-03-23 23:46:01 [INFO]          10,050,000 rows | 3,682 rows/sec | 2730s elapsed | ETA 0s
2026-03-23 23:46:14 [INFO]          10,100,000 rows | 3,681 rows/sec | 2744s elapsed | ETA 0s
2026-03-23 23:46:28 [INFO]          10,150,000 rows | 3,681 rows/sec | 2757s elapsed | ETA 0s
2026-03-23 23:46:42 [INFO]          10,200,000 rows | 3,681 rows/sec | 2771s elapsed | ETA 0s
2026-03-23 23:46:55 [INFO]          10,250,000 rows | 3,681 rows/sec | 2785s elapsed | ETA 0s
2026-03-23 23:47:09 [INFO]          10,300,000 rows | 3,681 rows/sec | 2798s elapsed | ETA 0s
2026-03-23 23:47:22 [INFO]          10,350,000 rows | 3,681 rows/sec | 2811s elapsed | ETA 0s
2026-03-23 23:47:35 [INFO]          10,400,000 rows | 3,682 rows/sec | 2824s elapsed | ETA 0s
2026-03-23 23:47:48 [INFO]          10,450,000 rows | 3,683 rows/sec | 2837s elapsed | ETA 0s
2026-03-23 23:48:01 [INFO]          10,500,000 rows | 3,684 rows/sec | 2850s elapsed | ETA 0s
2026-03-23 23:48:13 [INFO]          10,550,000 rows | 3,686 rows/sec | 2862s elapsed | ETA 0s
2026-03-23 23:48:26 [INFO]          10,600,000 rows | 3,687 rows/sec | 2875s elapsed | ETA 0s
2026-03-23 23:48:38 [INFO]          10,650,000 rows | 3,689 rows/sec | 2887s elapsed | ETA 0s
2026-03-23 23:48:50 [INFO]          10,700,000 rows | 3,691 rows/sec | 2899s elapsed | ETA 0s
2026-03-23 23:49:01 [INFO]          10,750,000 rows | 3,693 rows/sec | 2911s elapsed | ETA 0s
2026-03-23 23:49:13 [INFO]          10,800,000 rows | 3,696 rows/sec | 2922s elapsed | ETA 0s
2026-03-23 23:49:28 [INFO]          10,850,000 rows | 3,694 rows/sec | 2937s elapsed | ETA 0s
2026-03-23 23:49:42 [INFO]          10,900,000 rows | 3,693 rows/sec | 2951s elapsed | ETA 0s
2026-03-23 23:49:56 [INFO]          10,950,000 rows | 3,692 rows/sec | 2966s elapsed | ETA 0s
2026-03-23 23:50:11 [INFO]          11,000,000 rows | 3,691 rows/sec | 2980s elapsed | ETA 0s
2026-03-23 23:50:26 [INFO]          11,050,000 rows | 3,689 rows/sec | 2995s elapsed | ETA 0s
2026-03-23 23:50:41 [INFO]          11,100,000 rows | 3,687 rows/sec | 3011s elapsed | ETA 0s
2026-03-23 23:50:56 [INFO]          11,150,000 rows | 3,686 rows/sec | 3025s elapsed | ETA 0s
2026-03-23 23:51:11 [INFO]          11,200,000 rows | 3,684 rows/sec | 3040s elapsed | ETA 0s
2026-03-23 23:51:25 [INFO]          11,250,000 rows | 3,684 rows/sec | 3054s elapsed | ETA 0s
2026-03-23 23:51:53 [INFO]          11,300,000 rows | 3,666 rows/sec | 3083s elapsed | ETA 0s
2026-03-23 23:52:11 [INFO]          11,350,000 rows | 3,661 rows/sec | 3101s elapsed | ETA 0s
2026-03-23 23:52:29 [INFO]          11,400,000 rows | 3,656 rows/sec | 3118s elapsed | ETA 0s
2026-03-23 23:52:45 [INFO]          11,450,000 rows | 3,653 rows/sec | 3134s elapsed | ETA 0s
2026-03-23 23:53:00 [INFO]          11,500,000 rows | 3,652 rows/sec | 3149s elapsed | ETA 0s
2026-03-23 23:53:15 [INFO]          11,550,000 rows | 3,651 rows/sec | 3164s elapsed | ETA 0s
2026-03-23 23:53:29 [INFO]          11,600,000 rows | 3,650 rows/sec | 3178s elapsed | ETA 0s
2026-03-23 23:53:43 [INFO]          11,650,000 rows | 3,650 rows/sec | 3192s elapsed | ETA 0s
2026-03-23 23:53:57 [INFO]          11,700,000 rows | 3,650 rows/sec | 3206s elapsed | ETA 0s
2026-03-23 23:54:10 [INFO]          11,750,000 rows | 3,650 rows/sec | 3219s elapsed | ETA 0s
2026-03-23 23:54:23 [INFO]          11,800,000 rows | 3,650 rows/sec | 3232s elapsed | ETA 0s
2026-03-23 23:54:36 [INFO]          11,850,000 rows | 3,651 rows/sec | 3246s elapsed | ETA 0s
2026-03-23 23:54:49 [INFO]          11,900,000 rows | 3,652 rows/sec | 3258s elapsed | ETA 0s
2026-03-23 23:55:02 [INFO]          11,950,000 rows | 3,653 rows/sec | 3271s elapsed | ETA 0s
2026-03-23 23:55:14 [INFO]          12,000,000 rows | 3,654 rows/sec | 3284s elapsed | ETA 0s
2026-03-23 23:55:27 [INFO]          12,050,000 rows | 3,656 rows/sec | 3296s elapsed | ETA 0s
2026-03-23 23:55:39 [INFO]          12,100,000 rows | 3,658 rows/sec | 3308s elapsed | ETA 0s
2026-03-23 23:55:51 [INFO]          12,150,000 rows | 3,659 rows/sec | 3320s elapsed | ETA 0s
2026-03-23 23:56:03 [INFO]          12,200,000 rows | 3,661 rows/sec | 3332s elapsed | ETA 0s
2026-03-23 23:56:15 [INFO]          12,250,000 rows | 3,663 rows/sec | 3344s elapsed | ETA 0s
2026-03-23 23:56:27 [INFO]          12,300,000 rows | 3,665 rows/sec | 3356s elapsed | ETA 0s
2026-03-23 23:56:45 [INFO]          12,350,000 rows | 3,660 rows/sec | 3374s elapsed | ETA 0s
2026-03-23 23:56:57 [INFO]          12,400,000 rows | 3,662 rows/sec | 3386s elapsed | ETA 0s
2026-03-23 23:57:09 [INFO]          12,450,000 rows | 3,664 rows/sec | 3398s elapsed | ETA 0s
2026-03-23 23:57:21 [INFO]          12,500,000 rows | 3,666 rows/sec | 3410s elapsed | ETA 0s
2026-03-23 23:57:32 [INFO]          12,550,000 rows | 3,668 rows/sec | 3421s elapsed | ETA 0s
2026-03-23 23:57:43 [INFO]          12,600,000 rows | 3,671 rows/sec | 3433s elapsed | ETA 0s
2026-03-23 23:57:55 [INFO]          12,650,000 rows | 3,673 rows/sec | 3444s elapsed | ETA 0s
2026-03-23 23:58:06 [INFO]          12,700,000 rows | 3,675 rows/sec | 3456s elapsed | ETA 0s
2026-03-23 23:58:18 [INFO]          12,750,000 rows | 3,677 rows/sec | 3467s elapsed | ETA 0s
2026-03-23 23:58:30 [INFO]          12,800,000 rows | 3,679 rows/sec | 3479s elapsed | ETA 0s
2026-03-23 23:58:41 [INFO]          12,850,000 rows | 3,682 rows/sec | 3490s elapsed | ETA 0s
2026-03-23 23:58:54 [INFO]          12,900,000 rows | 3,683 rows/sec | 3503s elapsed | ETA 0s
2026-03-23 23:59:06 [INFO]          12,950,000 rows | 3,684 rows/sec | 3516s elapsed | ETA 0s
2026-03-23 23:59:19 [INFO]          13,000,000 rows | 3,685 rows/sec | 3528s elapsed | ETA 0s
2026-03-23 23:59:31 [INFO]          13,050,000 rows | 3,686 rows/sec | 3540s elapsed | ETA 0s
2026-03-23 23:59:43 [INFO]          13,100,000 rows | 3,688 rows/sec | 3552s elapsed | ETA 0s
2026-03-23 23:59:55 [INFO]          13,150,000 rows | 3,690 rows/sec | 3564s elapsed | ETA 0s
2026-03-24 00:00:07 [INFO]          13,200,000 rows | 3,691 rows/sec | 3576s elapsed | ETA 0s
2026-03-24 00:00:18 [INFO]          13,250,000 rows | 3,693 rows/sec | 3587s elapsed | ETA 0s
2026-03-24 00:00:30 [INFO]          13,300,000 rows | 3,695 rows/sec | 3599s elapsed | ETA 0s
2026-03-24 00:00:41 [INFO]          13,350,000 rows | 3,697 rows/sec | 3611s elapsed | ETA 0s
2026-03-24 00:00:53 [INFO]          13,400,000 rows | 3,700 rows/sec | 3622s elapsed | ETA 0s
2026-03-24 00:01:04 [INFO]          13,450,000 rows | 3,702 rows/sec | 3633s elapsed | ETA 0s
2026-03-24 00:01:15 [INFO]          13,500,000 rows | 3,705 rows/sec | 3644s elapsed | ETA 0s
2026-03-24 00:01:26 [INFO]          13,550,000 rows | 3,707 rows/sec | 3656s elapsed | ETA 0s
2026-03-24 00:01:38 [INFO]          13,600,000 rows | 3,709 rows/sec | 3667s elapsed | ETA 0s
2026-03-24 00:01:50 [INFO]          13,650,000 rows | 3,710 rows/sec | 3679s elapsed | ETA 0s
2026-03-24 00:02:03 [INFO]          13,700,000 rows | 3,710 rows/sec | 3692s elapsed | ETA 0s
2026-03-24 00:02:17 [INFO]          13,750,000 rows | 3,710 rows/sec | 3706s elapsed | ETA 0s
2026-03-24 00:02:30 [INFO]          13,800,000 rows | 3,710 rows/sec | 3719s elapsed | ETA 0s
2026-03-24 00:02:44 [INFO]          13,850,000 rows | 3,710 rows/sec | 3733s elapsed | ETA 0s
2026-03-24 00:02:57 [INFO]          13,900,000 rows | 3,711 rows/sec | 3746s elapsed | ETA 0s
2026-03-24 00:03:09 [INFO]          13,950,000 rows | 3,711 rows/sec | 3759s elapsed | ETA 0s
2026-03-24 00:03:22 [INFO]          14,000,000 rows | 3,712 rows/sec | 3771s elapsed | ETA 0s
2026-03-24 00:03:35 [INFO]          14,050,000 rows | 3,713 rows/sec | 3784s elapsed | ETA 0s
2026-03-24 00:03:47 [INFO]          14,100,000 rows | 3,714 rows/sec | 3796s elapsed | ETA 0s
2026-03-24 00:03:59 [INFO]          14,150,000 rows | 3,716 rows/sec | 3808s elapsed | ETA 0s
2026-03-24 00:04:11 [INFO]          14,200,000 rows | 3,717 rows/sec | 3821s elapsed | ETA 0s
2026-03-24 00:04:24 [INFO]          14,250,000 rows | 3,718 rows/sec | 3833s elapsed | ETA 0s
2026-03-24 00:04:36 [INFO]          14,300,000 rows | 3,719 rows/sec | 3845s elapsed | ETA 0s
2026-03-24 00:04:48 [INFO]          14,350,000 rows | 3,720 rows/sec | 3858s elapsed | ETA 0s
2026-03-24 00:05:00 [INFO]          14,400,000 rows | 3,721 rows/sec | 3870s elapsed | ETA 0s
2026-03-24 00:05:13 [INFO]          14,450,000 rows | 3,722 rows/sec | 3882s elapsed | ETA 0s
2026-03-24 00:05:28 [INFO]          14,500,000 rows | 3,721 rows/sec | 3897s elapsed | ETA 0s
2026-03-24 00:05:43 [INFO]          14,550,000 rows | 3,719 rows/sec | 3912s elapsed | ETA 0s
2026-03-24 00:05:57 [INFO]          14,600,000 rows | 3,718 rows/sec | 3927s elapsed | ETA 0s
2026-03-24 00:06:11 [INFO]          14,650,000 rows | 3,718 rows/sec | 3941s elapsed | ETA 0s
2026-03-24 00:06:25 [INFO]          14,700,000 rows | 3,717 rows/sec | 3955s elapsed | ETA 0s
2026-03-24 00:06:39 [INFO]          14,750,000 rows | 3,717 rows/sec | 3968s elapsed | ETA 0s
2026-03-24 00:06:52 [INFO]          14,800,000 rows | 3,717 rows/sec | 3982s elapsed | ETA 0s
2026-03-24 00:07:06 [INFO]          14,850,000 rows | 3,717 rows/sec | 3995s elapsed | ETA 0s
2026-03-24 00:07:19 [INFO]          14,900,000 rows | 3,718 rows/sec | 4008s elapsed | ETA 0s
2026-03-24 00:07:31 [INFO]          14,950,000 rows | 3,718 rows/sec | 4021s elapsed | ETA 0s
2026-03-24 00:07:44 [INFO]          15,000,000 rows | 3,719 rows/sec | 4033s elapsed | ETA 0s
2026-03-24 00:07:56 [INFO]          15,050,000 rows | 3,720 rows/sec | 4046s elapsed | ETA 0s
2026-03-24 00:08:09 [INFO]          15,100,000 rows | 3,721 rows/sec | 4058s elapsed | ETA 0s
2026-03-24 00:08:21 [INFO]          15,150,000 rows | 3,722 rows/sec | 4070s elapsed | ETA 0s
2026-03-24 00:08:33 [INFO]          15,200,000 rows | 3,724 rows/sec | 4082s elapsed | ETA 0s
2026-03-24 00:08:54 [INFO]          15,250,000 rows | 3,716 rows/sec | 4103s elapsed | ETA 0s
2026-03-24 00:09:06 [INFO]          15,300,000 rows | 3,718 rows/sec | 4115s elapsed | ETA 0s
2026-03-24 00:09:17 [INFO]          15,350,000 rows | 3,720 rows/sec | 4127s elapsed | ETA 0s
2026-03-24 00:09:29 [INFO]          15,400,000 rows | 3,722 rows/sec | 4138s elapsed | ETA 0s
2026-03-24 00:09:40 [INFO]          15,450,000 rows | 3,723 rows/sec | 4149s elapsed | ETA 0s
2026-03-24 00:09:51 [INFO]          15,500,000 rows | 3,725 rows/sec | 4161s elapsed | ETA 0s
2026-03-24 00:10:02 [INFO]          15,550,000 rows | 3,727 rows/sec | 4172s elapsed | ETA 0s
2026-03-24 00:10:14 [INFO]          15,600,000 rows | 3,729 rows/sec | 4183s elapsed | ETA 0s
2026-03-24 00:10:24 [INFO]          15,650,000 rows | 3,732 rows/sec | 4194s elapsed | ETA 0s
2026-03-24 00:10:35 [INFO]          15,700,000 rows | 3,734 rows/sec | 4205s elapsed | ETA 0s
2026-03-24 00:10:46 [INFO]          15,750,000 rows | 3,736 rows/sec | 4215s elapsed | ETA 0s
2026-03-24 00:10:57 [INFO]          15,800,000 rows | 3,739 rows/sec | 4226s elapsed | ETA 0s
2026-03-24 00:11:07 [INFO]          15,850,000 rows | 3,741 rows/sec | 4237s elapsed | ETA 0s
2026-03-24 00:11:18 [INFO]          15,900,000 rows | 3,744 rows/sec | 4247s elapsed | ETA 0s
2026-03-24 00:11:29 [INFO]          15,950,000 rows | 3,746 rows/sec | 4258s elapsed | ETA 0s
2026-03-24 00:11:40 [INFO]          16,000,000 rows | 3,747 rows/sec | 4270s elapsed | ETA 0s
2026-03-24 00:11:54 [INFO]          16,050,000 rows | 3,747 rows/sec | 4283s elapsed | ETA 0s
2026-03-24 00:12:07 [INFO]          16,100,000 rows | 3,747 rows/sec | 4296s elapsed | ETA 0s
2026-03-24 00:12:21 [INFO]          16,150,000 rows | 3,747 rows/sec | 4310s elapsed | ETA 0s
2026-03-24 00:12:36 [INFO]          16,200,000 rows | 3,745 rows/sec | 4326s elapsed | ETA 0s
2026-03-24 00:12:53 [INFO]          16,250,000 rows | 3,743 rows/sec | 4342s elapsed | ETA 0s
2026-03-24 00:13:08 [INFO]          16,300,000 rows | 3,741 rows/sec | 4357s elapsed | ETA 0s
2026-03-24 00:13:23 [INFO]          16,350,000 rows | 3,739 rows/sec | 4372s elapsed | ETA 0s
2026-03-24 00:13:38 [INFO]          16,400,000 rows | 3,738 rows/sec | 4387s elapsed | ETA 0s
2026-03-24 00:13:52 [INFO]          16,450,000 rows | 3,738 rows/sec | 4401s elapsed | ETA 0s
2026-03-24 00:14:06 [INFO]          16,500,000 rows | 3,737 rows/sec | 4416s elapsed | ETA 0s
2026-03-24 00:14:20 [INFO]          16,550,000 rows | 3,736 rows/sec | 4430s elapsed | ETA 0s
2026-03-24 00:14:34 [INFO]          16,600,000 rows | 3,736 rows/sec | 4444s elapsed | ETA 0s
2026-03-24 00:14:48 [INFO]          16,650,000 rows | 3,736 rows/sec | 4457s elapsed | ETA 0s
2026-03-24 00:15:01 [INFO]          16,700,000 rows | 3,736 rows/sec | 4471s elapsed | ETA 0s
2026-03-24 00:15:14 [INFO]          16,750,000 rows | 3,736 rows/sec | 4484s elapsed | ETA 0s
2026-03-24 00:15:27 [INFO]          16,800,000 rows | 3,736 rows/sec | 4497s elapsed | ETA 0s
2026-03-24 00:15:40 [INFO]          16,850,000 rows | 3,736 rows/sec | 4510s elapsed | ETA 0s
2026-03-24 00:15:53 [INFO]          16,900,000 rows | 3,737 rows/sec | 4522s elapsed | ETA 0s
2026-03-24 00:16:08 [INFO]          16,950,000 rows | 3,736 rows/sec | 4537s elapsed | ETA 0s
2026-03-24 00:16:23 [INFO]          17,000,000 rows | 3,735 rows/sec | 4552s elapsed | ETA 0s
2026-03-24 00:16:37 [INFO]          17,050,000 rows | 3,734 rows/sec | 4566s elapsed | ETA 0s
2026-03-24 00:16:51 [INFO]          17,100,000 rows | 3,733 rows/sec | 4581s elapsed | ETA 0s
2026-03-24 00:17:07 [INFO]          17,150,000 rows | 3,732 rows/sec | 4596s elapsed | ETA 0s
2026-03-24 00:17:21 [INFO]          17,200,000 rows | 3,731 rows/sec | 4611s elapsed | ETA 0s
2026-03-24 00:17:36 [INFO]          17,250,000 rows | 3,730 rows/sec | 4625s elapsed | ETA 0s
2026-03-24 00:17:50 [INFO]          17,300,000 rows | 3,729 rows/sec | 4639s elapsed | ETA 0s
2026-03-24 00:18:05 [INFO]          17,350,000 rows | 3,728 rows/sec | 4654s elapsed | ETA 0s
2026-03-24 00:18:22 [INFO]          17,400,000 rows | 3,725 rows/sec | 4671s elapsed | ETA 0s
2026-03-24 00:18:39 [INFO]          17,450,000 rows | 3,722 rows/sec | 4689s elapsed | ETA 0s
2026-03-24 00:18:55 [INFO]          17,500,000 rows | 3,720 rows/sec | 4705s elapsed | ETA 0s
2026-03-24 00:19:11 [INFO]          17,550,000 rows | 3,718 rows/sec | 4720s elapsed | ETA 0s
2026-03-24 00:19:26 [INFO]          17,600,000 rows | 3,717 rows/sec | 4735s elapsed | ETA 0s
2026-03-24 00:19:41 [INFO]          17,650,000 rows | 3,716 rows/sec | 4750s elapsed | ETA 0s
2026-03-24 00:19:55 [INFO]          17,700,000 rows | 3,715 rows/sec | 4764s elapsed | ETA 0s
2026-03-24 00:20:09 [INFO]          17,750,000 rows | 3,715 rows/sec | 4778s elapsed | ETA 0s
2026-03-24 00:20:22 [INFO]          17,800,000 rows | 3,715 rows/sec | 4792s elapsed | ETA 0s
2026-03-24 00:20:36 [INFO]          17,850,000 rows | 3,715 rows/sec | 4805s elapsed | ETA 0s
2026-03-24 00:20:49 [INFO]          17,900,000 rows | 3,715 rows/sec | 4818s elapsed | ETA 0s
2026-03-24 00:21:02 [INFO]          17,950,000 rows | 3,716 rows/sec | 4831s elapsed | ETA 0s
2026-03-24 00:21:14 [INFO]          18,000,000 rows | 3,716 rows/sec | 4844s elapsed | ETA 0s
2026-03-24 00:21:27 [INFO]          18,050,000 rows | 3,717 rows/sec | 4856s elapsed | ETA 0s
2026-03-24 00:21:39 [INFO]          18,100,000 rows | 3,718 rows/sec | 4869s elapsed | ETA 0s
2026-03-24 00:21:52 [INFO]          18,150,000 rows | 3,718 rows/sec | 4881s elapsed | ETA 0s
2026-03-24 00:22:04 [INFO]          18,200,000 rows | 3,719 rows/sec | 4893s elapsed | ETA 0s
2026-03-24 00:22:16 [INFO]          18,250,000 rows | 3,721 rows/sec | 4905s elapsed | ETA 0s
2026-03-24 00:22:28 [INFO]          18,300,000 rows | 3,722 rows/sec | 4917s elapsed | ETA 0s
2026-03-24 00:22:40 [INFO]          18,350,000 rows | 3,723 rows/sec | 4929s elapsed | ETA 0s
2026-03-24 00:22:53 [INFO]          18,400,000 rows | 3,723 rows/sec | 4943s elapsed | ETA 0s
2026-03-24 00:23:07 [INFO]          18,450,000 rows | 3,723 rows/sec | 4956s elapsed | ETA 0s
2026-03-24 00:23:21 [INFO]          18,500,000 rows | 3,722 rows/sec | 4970s elapsed | ETA 0s
2026-03-24 00:23:35 [INFO]          18,550,000 rows | 3,722 rows/sec | 4984s elapsed | ETA 0s
2026-03-24 00:23:48 [INFO]          18,600,000 rows | 3,722 rows/sec | 4998s elapsed | ETA 0s
2026-03-24 00:24:02 [INFO]          18,650,000 rows | 3,722 rows/sec | 5011s elapsed | ETA 0s
2026-03-24 00:24:15 [INFO]          18,700,000 rows | 3,722 rows/sec | 5024s elapsed | ETA 0s
2026-03-24 00:24:28 [INFO]          18,750,000 rows | 3,723 rows/sec | 5037s elapsed | ETA 0s
2026-03-24 00:24:41 [INFO]          18,800,000 rows | 3,723 rows/sec | 5050s elapsed | ETA 0s
2026-03-24 00:25:00 [INFO]          18,850,000 rows | 3,718 rows/sec | 5069s elapsed | ETA 0s
2026-03-24 00:25:12 [INFO]          18,900,000 rows | 3,719 rows/sec | 5082s elapsed | ETA 0s
2026-03-24 00:25:25 [INFO]          18,950,000 rows | 3,720 rows/sec | 5094s elapsed | ETA 0s
2026-03-24 00:25:37 [INFO]          19,000,000 rows | 3,721 rows/sec | 5106s elapsed | ETA 0s
2026-03-24 00:25:49 [INFO]          19,050,000 rows | 3,722 rows/sec | 5118s elapsed | ETA 0s
2026-03-24 00:26:00 [INFO]          19,100,000 rows | 3,723 rows/sec | 5130s elapsed | ETA 0s
2026-03-24 00:26:12 [INFO]          19,150,000 rows | 3,725 rows/sec | 5141s elapsed | ETA 0s
2026-03-24 00:26:24 [INFO]          19,200,000 rows | 3,726 rows/sec | 5153s elapsed | ETA 0s
2026-03-24 00:26:35 [INFO]          19,250,000 rows | 3,727 rows/sec | 5164s elapsed | ETA 0s
2026-03-24 00:26:47 [INFO]          19,300,000 rows | 3,729 rows/sec | 5176s elapsed | ETA 0s
2026-03-24 00:26:58 [INFO]          19,350,000 rows | 3,730 rows/sec | 5187s elapsed | ETA 0s
2026-03-24 00:27:09 [INFO]          19,400,000 rows | 3,732 rows/sec | 5198s elapsed | ETA 0s
2026-03-24 00:27:20 [INFO]          19,450,000 rows | 3,734 rows/sec | 5209s elapsed | ETA 0s
2026-03-24 00:27:32 [INFO]          19,500,000 rows | 3,735 rows/sec | 5221s elapsed | ETA 0s
2026-03-24 00:27:43 [INFO]          19,550,000 rows | 3,736 rows/sec | 5232s elapsed | ETA 0s
2026-03-24 00:27:54 [INFO]          19,600,000 rows | 3,738 rows/sec | 5244s elapsed | ETA 0s
2026-03-24 00:28:06 [INFO]          19,650,000 rows | 3,739 rows/sec | 5256s elapsed | ETA 0s
2026-03-24 00:28:19 [INFO]          19,700,000 rows | 3,739 rows/sec | 5268s elapsed | ETA 0s
2026-03-24 00:28:31 [INFO]          19,750,000 rows | 3,740 rows/sec | 5280s elapsed | ETA 0s
2026-03-24 00:28:43 [INFO]          19,800,000 rows | 3,741 rows/sec | 5292s elapsed | ETA 0s
2026-03-24 00:28:55 [INFO]          19,850,000 rows | 3,742 rows/sec | 5304s elapsed | ETA 0s
2026-03-24 00:29:07 [INFO]          19,900,000 rows | 3,743 rows/sec | 5316s elapsed | ETA 0s
2026-03-24 00:29:19 [INFO]          19,950,000 rows | 3,744 rows/sec | 5328s elapsed | ETA 0s
2026-03-24 00:29:32 [INFO]          20,000,000 rows | 3,745 rows/sec | 5341s elapsed | ETA 0s
2026-03-24 00:29:44 [INFO]          20,050,000 rows | 3,745 rows/sec | 5354s elapsed | ETA 0s
2026-03-24 00:29:58 [INFO]          20,100,000 rows | 3,745 rows/sec | 5367s elapsed | ETA 0s
2026-03-24 00:30:11 [INFO]          20,150,000 rows | 3,745 rows/sec | 5381s elapsed | ETA 0s
2026-03-24 00:30:25 [INFO]          20,200,000 rows | 3,745 rows/sec | 5394s elapsed | ETA 0s
2026-03-24 00:30:38 [INFO]          20,250,000 rows | 3,745 rows/sec | 5407s elapsed | ETA 0s
2026-03-24 00:30:52 [INFO]          20,300,000 rows | 3,745 rows/sec | 5421s elapsed | ETA 0s
2026-03-24 00:31:06 [INFO]          20,350,000 rows | 3,744 rows/sec | 5435s elapsed | ETA 0s
2026-03-24 00:31:20 [INFO]          20,400,000 rows | 3,744 rows/sec | 5449s elapsed | ETA 0s
2026-03-24 00:31:33 [INFO]          20,450,000 rows | 3,744 rows/sec | 5463s elapsed | ETA 0s
2026-03-24 00:31:49 [INFO]          20,500,000 rows | 3,742 rows/sec | 5478s elapsed | ETA 0s
2026-03-24 00:32:04 [INFO]          20,550,000 rows | 3,741 rows/sec | 5494s elapsed | ETA 0s
2026-03-24 00:32:20 [INFO]          20,600,000 rows | 3,739 rows/sec | 5509s elapsed | ETA 0s
2026-03-24 00:32:35 [INFO]          20,650,000 rows | 3,738 rows/sec | 5524s elapsed | ETA 0s
2026-03-24 00:32:49 [INFO]          20,700,000 rows | 3,738 rows/sec | 5538s elapsed | ETA 0s
2026-03-24 00:33:03 [INFO]          20,750,000 rows | 3,737 rows/sec | 5552s elapsed | ETA 0s
2026-03-24 00:33:17 [INFO]          20,800,000 rows | 3,737 rows/sec | 5566s elapsed | ETA 0s
2026-03-24 00:33:31 [INFO]          20,850,000 rows | 3,736 rows/sec | 5580s elapsed | ETA 0s
2026-03-24 00:33:46 [INFO]          20,900,000 rows | 3,735 rows/sec | 5595s elapsed | ETA 0s
2026-03-24 00:34:00 [INFO]          20,950,000 rows | 3,735 rows/sec | 5610s elapsed | ETA 0s
2026-03-24 00:34:14 [INFO]          21,000,000 rows | 3,734 rows/sec | 5624s elapsed | ETA 0s
2026-03-24 00:34:28 [INFO]          21,050,000 rows | 3,734 rows/sec | 5638s elapsed | ETA 0s
2026-03-24 00:34:42 [INFO]          21,100,000 rows | 3,734 rows/sec | 5651s elapsed | ETA 0s
2026-03-24 00:34:56 [INFO]          21,150,000 rows | 3,734 rows/sec | 5665s elapsed | ETA 0s
2026-03-24 00:35:09 [INFO]          21,200,000 rows | 3,734 rows/sec | 5678s elapsed | ETA 0s
2026-03-24 00:35:22 [INFO]          21,250,000 rows | 3,734 rows/sec | 5691s elapsed | ETA 0s
2026-03-24 00:35:35 [INFO]          21,300,000 rows | 3,734 rows/sec | 5704s elapsed | ETA 0s
2026-03-24 00:35:48 [INFO]          21,350,000 rows | 3,735 rows/sec | 5717s elapsed | ETA 0s
2026-03-24 00:36:00 [INFO]          21,400,000 rows | 3,735 rows/sec | 5729s elapsed | ETA 0s
2026-03-24 00:36:12 [INFO]          21,450,000 rows | 3,736 rows/sec | 5742s elapsed | ETA 0s
2026-03-24 00:36:25 [INFO]          21,500,000 rows | 3,737 rows/sec | 5754s elapsed | ETA 0s
2026-03-24 00:36:37 [INFO]          21,550,000 rows | 3,737 rows/sec | 5766s elapsed | ETA 0s
2026-03-24 00:36:49 [INFO]          21,600,000 rows | 3,738 rows/sec | 5778s elapsed | ETA 0s
2026-03-24 00:37:02 [INFO]          21,650,000 rows | 3,739 rows/sec | 5791s elapsed | ETA 0s
2026-03-24 00:37:18 [INFO]          21,700,000 rows | 3,737 rows/sec | 5807s elapsed | ETA 0s
2026-03-24 00:37:35 [INFO]          21,750,000 rows | 3,735 rows/sec | 5824s elapsed | ETA 0s
2026-03-24 00:37:52 [INFO]          21,800,000 rows | 3,732 rows/sec | 5841s elapsed | ETA 0s
2026-03-24 00:38:08 [INFO]          21,850,000 rows | 3,730 rows/sec | 5857s elapsed | ETA 0s
2026-03-24 00:38:23 [INFO]          21,900,000 rows | 3,729 rows/sec | 5872s elapsed | ETA 0s
2026-03-24 00:38:39 [INFO]          21,950,000 rows | 3,728 rows/sec | 5889s elapsed | ETA 0s
2026-03-24 00:38:55 [INFO]          22,000,000 rows | 3,726 rows/sec | 5905s elapsed | ETA 0s
2026-03-24 00:39:10 [INFO]          22,050,000 rows | 3,725 rows/sec | 5920s elapsed | ETA 0s
2026-03-24 00:39:27 [INFO]          22,100,000 rows | 3,723 rows/sec | 5937s elapsed | ETA 0s
2026-03-24 00:39:44 [INFO]          22,150,000 rows | 3,721 rows/sec | 5953s elapsed | ETA 0s
2026-03-24 00:39:58 [INFO]          22,200,000 rows | 3,720 rows/sec | 5968s elapsed | ETA 0s
2026-03-24 00:40:14 [INFO]          22,250,000 rows | 3,719 rows/sec | 5983s elapsed | ETA 0s
2026-03-24 00:40:29 [INFO]          22,300,000 rows | 3,718 rows/sec | 5998s elapsed | ETA 0s
2026-03-24 00:40:44 [INFO]          22,350,000 rows | 3,717 rows/sec | 6013s elapsed | ETA 0s
2026-03-24 00:40:58 [INFO]          22,400,000 rows | 3,717 rows/sec | 6027s elapsed | ETA 0s
2026-03-24 00:41:11 [INFO]          22,450,000 rows | 3,716 rows/sec | 6041s elapsed | ETA 0s
2026-03-24 00:41:25 [INFO]          22,500,000 rows | 3,716 rows/sec | 6054s elapsed | ETA 0s
2026-03-24 00:41:38 [INFO]          22,550,000 rows | 3,717 rows/sec | 6068s elapsed | ETA 0s
2026-03-24 00:41:51 [INFO]          22,600,000 rows | 3,717 rows/sec | 6080s elapsed | ETA 0s
2026-03-24 00:42:04 [INFO]          22,650,000 rows | 3,717 rows/sec | 6093s elapsed | ETA 0s
2026-03-24 00:42:17 [INFO]          22,700,000 rows | 3,718 rows/sec | 6106s elapsed | ETA 0s
2026-03-24 00:42:29 [INFO]          22,750,000 rows | 3,718 rows/sec | 6118s elapsed | ETA 0s
2026-03-24 00:42:42 [INFO]          22,800,000 rows | 3,719 rows/sec | 6131s elapsed | ETA 0s
2026-03-24 00:42:57 [INFO]          22,850,000 rows | 3,718 rows/sec | 6146s elapsed | ETA 0s
2026-03-24 00:43:11 [INFO]          22,900,000 rows | 3,717 rows/sec | 6161s elapsed | ETA 0s
2026-03-24 00:43:21 [INFO]   [OK] 22,931,285 rows in 6169.9s (3,717 rows/sec)
2026-03-24 00:43:21 [INFO] 
──────────────────────────────────────────────────
2026-03-24 00:43:21 [INFO]   [18/16] rpt_daily_sales_summary [█████████████████████] 106%
2026-03-24 00:43:21 [INFO]        Expected: ~5,000,000 rows
2026-03-24 00:43:21 [INFO]     Processing 2025-10-01 to 2025-11-01...
2026-03-24 00:43:21 [DEBUG]   SQL: 
        SELECT
            CAST(h.TrxDate AS DATE), h.RouteCode, rt.Name,
            h.UserCode, u.Description, h.OrgCode, so.Description,
            h.ClientCode, c.Description, cd.ChannelCode, ch...
2026-03-24 00:43:21 [INFO]   Querying MSSQL (this may take a while for large tables)...
2026-03-24 00:44:26 [INFO]   MSSQL query returned in 65.0s - starting load...
2026-03-24 00:44:43 [INFO]              50,000 rows | 607 rows/sec | 82s elapsed | ETA 8160s
2026-03-24 00:44:57 [INFO]             100,000 rows | 1,043 rows/sec | 96s elapsed | ETA 4700s
2026-03-24 00:45:10 [INFO]             150,000 rows | 1,375 rows/sec | 109s elapsed | ETA 3526s
2026-03-24 00:45:23 [INFO]             200,000 rows | 1,632 rows/sec | 123s elapsed | ETA 2942s
2026-03-24 00:45:37 [INFO]             250,000 rows | 1,839 rows/sec | 136s elapsed | ETA 2583s
2026-03-24 00:45:50 [INFO]             300,000 rows | 2,008 rows/sec | 149s elapsed | ETA 2340s
2026-03-24 00:46:03 [INFO]             350,000 rows | 2,154 rows/sec | 163s elapsed | ETA 2159s
2026-03-24 00:46:16 [INFO]             400,000 rows | 2,283 rows/sec | 175s elapsed | ETA 2015s
2026-03-24 00:46:29 [INFO]             450,000 rows | 2,394 rows/sec | 188s elapsed | ETA 1901s
2026-03-24 00:46:41 [INFO]             500,000 rows | 2,492 rows/sec | 201s elapsed | ETA 1806s
2026-03-24 00:46:56 [INFO]             550,000 rows | 2,558 rows/sec | 215s elapsed | ETA 1740s
2026-03-24 00:47:08 [INFO]             600,000 rows | 2,635 rows/sec | 228s elapsed | ETA 1670s
2026-03-24 00:47:21 [INFO]             650,000 rows | 2,707 rows/sec | 240s elapsed | ETA 1607s
2026-03-24 00:47:33 [INFO]             700,000 rows | 2,775 rows/sec | 252s elapsed | ETA 1550s
2026-03-24 00:47:46 [INFO]             750,000 rows | 2,829 rows/sec | 265s elapsed | ETA 1502s
2026-03-24 00:48:06 [INFO]             800,000 rows | 2,800 rows/sec | 286s elapsed | ETA 1500s
2026-03-24 00:48:25 [INFO]             850,000 rows | 2,795 rows/sec | 304s elapsed | ETA 1485s
2026-03-24 00:48:42 [INFO]             900,000 rows | 2,796 rows/sec | 322s elapsed | ETA 1466s
2026-03-24 00:48:59 [INFO]             950,000 rows | 2,805 rows/sec | 339s elapsed | ETA 1444s
2026-03-24 00:49:16 [INFO]           1,000,000 rows | 2,814 rows/sec | 355s elapsed | ETA 1421s
2026-03-24 00:49:32 [INFO]           1,050,000 rows | 2,831 rows/sec | 371s elapsed | ETA 1395s
2026-03-24 00:49:46 [INFO]           1,100,000 rows | 2,854 rows/sec | 385s elapsed | ETA 1367s
2026-03-24 00:50:00 [INFO]           1,150,000 rows | 2,878 rows/sec | 400s elapsed | ETA 1338s
2026-03-24 00:50:15 [INFO]           1,200,000 rows | 2,899 rows/sec | 414s elapsed | ETA 1311s
2026-03-24 00:50:29 [INFO]           1,250,000 rows | 2,921 rows/sec | 428s elapsed | ETA 1284s
2026-03-24 00:50:42 [INFO]           1,300,000 rows | 2,944 rows/sec | 442s elapsed | ETA 1257s
2026-03-24 00:50:56 [INFO]           1,350,000 rows | 2,967 rows/sec | 455s elapsed | ETA 1230s
2026-03-24 00:51:09 [INFO]           1,400,000 rows | 2,988 rows/sec | 469s elapsed | ETA 1205s
2026-03-24 00:51:23 [INFO]           1,450,000 rows | 3,008 rows/sec | 482s elapsed | ETA 1180s
2026-03-24 00:51:36 [INFO]           1,500,000 rows | 3,030 rows/sec | 495s elapsed | ETA 1155s
2026-03-24 00:51:49 [INFO]           1,550,000 rows | 3,049 rows/sec | 508s elapsed | ETA 1131s
2026-03-24 00:52:02 [INFO]           1,600,000 rows | 3,068 rows/sec | 521s elapsed | ETA 1108s
2026-03-24 00:52:15 [INFO]           1,650,000 rows | 3,088 rows/sec | 534s elapsed | ETA 1085s
2026-03-24 00:52:28 [INFO]           1,700,000 rows | 3,108 rows/sec | 547s elapsed | ETA 1062s
2026-03-24 00:52:40 [INFO]           1,750,000 rows | 3,128 rows/sec | 559s elapsed | ETA 1039s
2026-03-24 00:52:54 [INFO]           1,800,000 rows | 3,141 rows/sec | 573s elapsed | ETA 1019s
2026-03-24 00:53:08 [INFO]           1,850,000 rows | 3,151 rows/sec | 587s elapsed | ETA 1000s
2026-03-24 00:53:21 [INFO]           1,900,000 rows | 3,162 rows/sec | 601s elapsed | ETA 980s
2026-03-24 00:53:35 [INFO]           1,950,000 rows | 3,175 rows/sec | 614s elapsed | ETA 961s
2026-03-24 00:53:48 [INFO]           2,000,000 rows | 3,188 rows/sec | 627s elapsed | ETA 941s
2026-03-24 00:54:01 [INFO]           2,050,000 rows | 3,201 rows/sec | 640s elapsed | ETA 922s
2026-03-24 00:54:14 [INFO]           2,100,000 rows | 3,215 rows/sec | 653s elapsed | ETA 902s
2026-03-24 00:54:26 [INFO]           2,150,000 rows | 3,229 rows/sec | 666s elapsed | ETA 882s
2026-03-24 00:54:39 [INFO]           2,200,000 rows | 3,243 rows/sec | 678s elapsed | ETA 863s
2026-03-24 00:54:51 [INFO]           2,250,000 rows | 3,257 rows/sec | 691s elapsed | ETA 844s
2026-03-24 00:55:04 [INFO]           2,300,000 rows | 3,272 rows/sec | 703s elapsed | ETA 825s
2026-03-24 00:55:15 [INFO]           2,350,000 rows | 3,288 rows/sec | 715s elapsed | ETA 806s
2026-03-24 00:55:27 [INFO]           2,400,000 rows | 3,304 rows/sec | 726s elapsed | ETA 787s
2026-03-24 00:55:30 [INFO]     2025-10: 2,411,102 rows
2026-03-24 00:55:30 [INFO]     Processing 2025-11-01 to 2025-12-01...
2026-03-24 00:55:30 [DEBUG]   SQL: 
        SELECT
            CAST(h.TrxDate AS DATE), h.RouteCode, rt.Name,
            h.UserCode, u.Description, h.OrgCode, so.Description,
            h.ClientCode, c.Description, cd.ChannelCode, ch...
2026-03-24 00:55:30 [INFO]   Querying MSSQL (this may take a while for large tables)...
2026-03-24 00:56:30 [INFO]   MSSQL query returned in 59.6s - starting load...
2026-03-24 00:56:44 [INFO]              50,000 rows | 62 rows/sec | 804s elapsed | ETA 79574s
2026-03-24 00:56:55 [INFO]             100,000 rows | 123 rows/sec | 815s elapsed | ETA 39914s
2026-03-24 00:57:06 [INFO]             150,000 rows | 182 rows/sec | 825s elapsed | ETA 26684s
2026-03-24 00:57:16 [INFO]             200,000 rows | 239 rows/sec | 836s elapsed | ETA 20061s
2026-03-24 00:57:30 [INFO]             250,000 rows | 294 rows/sec | 849s elapsed | ETA 16133s
2026-03-24 00:57:43 [INFO]             300,000 rows | 348 rows/sec | 862s elapsed | ETA 13511s
2026-03-24 00:57:56 [INFO]             350,000 rows | 400 rows/sec | 875s elapsed | ETA 11628s
2026-03-24 00:58:08 [INFO]             400,000 rows | 451 rows/sec | 888s elapsed | ETA 10210s
2026-03-24 00:58:21 [INFO]             450,000 rows | 500 rows/sec | 900s elapsed | ETA 9103s
2026-03-24 00:58:33 [INFO]             500,000 rows | 548 rows/sec | 913s elapsed | ETA 8215s
2026-03-24 00:58:46 [INFO]             550,000 rows | 594 rows/sec | 925s elapsed | ETA 7486s
2026-03-24 00:58:58 [INFO]             600,000 rows | 640 rows/sec | 938s elapsed | ETA 6875s
2026-03-24 00:59:16 [INFO]             650,000 rows | 681 rows/sec | 955s elapsed | ETA 6392s
2026-03-24 00:59:33 [INFO]             700,000 rows | 720 rows/sec | 973s elapsed | ETA 5976s
2026-03-24 00:59:50 [INFO]             750,000 rows | 758 rows/sec | 990s elapsed | ETA 5609s
2026-03-24 01:00:07 [INFO]             800,000 rows | 795 rows/sec | 1006s elapsed | ETA 5281s
2026-03-24 01:00:22 [INFO]             850,000 rows | 832 rows/sec | 1022s elapsed | ETA 4988s
2026-03-24 01:00:38 [INFO]             900,000 rows | 868 rows/sec | 1037s elapsed | ETA 4725s
2026-03-24 01:00:53 [INFO]             950,000 rows | 903 rows/sec | 1052s elapsed | ETA 4485s
2026-03-24 01:01:07 [INFO]           1,000,000 rows | 938 rows/sec | 1066s elapsed | ETA 4266s
2026-03-24 01:01:21 [INFO]           1,050,000 rows | 972 rows/sec | 1080s elapsed | ETA 4064s
2026-03-24 01:01:35 [INFO]           1,100,000 rows | 1,005 rows/sec | 1094s elapsed | ETA 3879s
2026-03-24 01:01:48 [INFO]           1,150,000 rows | 1,038 rows/sec | 1108s elapsed | ETA 3708s
2026-03-24 01:02:01 [INFO]           1,200,000 rows | 1,071 rows/sec | 1121s elapsed | ETA 3549s
2026-03-24 01:02:14 [INFO]           1,250,000 rows | 1,103 rows/sec | 1134s elapsed | ETA 3401s
2026-03-24 01:02:27 [INFO]           1,300,000 rows | 1,134 rows/sec | 1147s elapsed | ETA 3264s
2026-03-24 01:02:41 [INFO]           1,350,000 rows | 1,163 rows/sec | 1161s elapsed | ETA 3138s
2026-03-24 01:02:55 [INFO]           1,400,000 rows | 1,192 rows/sec | 1175s elapsed | ETA 3020s
2026-03-24 01:03:09 [INFO]           1,450,000 rows | 1,220 rows/sec | 1188s elapsed | ETA 2909s
2026-03-24 01:03:32 [INFO]           1,500,000 rows | 1,238 rows/sec | 1211s elapsed | ETA 2826s
2026-03-24 01:03:51 [INFO]           1,550,000 rows | 1,260 rows/sec | 1230s elapsed | ETA 2738s
2026-03-24 01:04:08 [INFO]           1,600,000 rows | 1,282 rows/sec | 1248s elapsed | ETA 2652s
2026-03-24 01:04:26 [INFO]           1,650,000 rows | 1,303 rows/sec | 1266s elapsed | ETA 2570s
2026-03-24 01:04:43 [INFO]           1,700,000 rows | 1,325 rows/sec | 1283s elapsed | ETA 2490s
2026-03-24 01:05:00 [INFO]           1,750,000 rows | 1,347 rows/sec | 1299s elapsed | ETA 2413s
2026-03-24 01:05:16 [INFO]           1,800,000 rows | 1,368 rows/sec | 1315s elapsed | ETA 2338s
2026-03-24 01:05:32 [INFO]           1,850,000 rows | 1,390 rows/sec | 1331s elapsed | ETA 2266s
2026-03-24 01:05:46 [INFO]           1,900,000 rows | 1,412 rows/sec | 1346s elapsed | ETA 2196s
2026-03-24 01:06:01 [INFO]           1,950,000 rows | 1,433 rows/sec | 1360s elapsed | ETA 2128s
2026-03-24 01:06:15 [INFO]           2,000,000 rows | 1,455 rows/sec | 1374s elapsed | ETA 2062s
2026-03-24 01:06:29 [INFO]           2,050,000 rows | 1,477 rows/sec | 1388s elapsed | ETA 1998s
2026-03-24 01:06:42 [INFO]           2,100,000 rows | 1,498 rows/sec | 1401s elapsed | ETA 1935s
2026-03-24 01:06:55 [INFO]           2,150,000 rows | 1,520 rows/sec | 1415s elapsed | ETA 1875s
2026-03-24 01:07:08 [INFO]           2,200,000 rows | 1,541 rows/sec | 1428s elapsed | ETA 1817s
2026-03-24 01:07:21 [INFO]           2,250,000 rows | 1,562 rows/sec | 1440s elapsed | ETA 1760s
2026-03-24 01:07:29 [INFO]     2025-11: 2,282,135 rows
2026-03-24 01:07:29 [INFO]     Processing 2025-12-01 to 2026-01-01...
2026-03-24 01:07:29 [DEBUG]   SQL: 
        SELECT
            CAST(h.TrxDate AS DATE), h.RouteCode, rt.Name,
            h.UserCode, u.Description, h.OrgCode, so.Description,
            h.ClientCode, c.Description, cd.ChannelCode, ch...
2026-03-24 01:07:29 [INFO]   Querying MSSQL (this may take a while for large tables)...
2026-03-24 01:08:36 [INFO]   MSSQL query returned in 66.8s - starting load...
2026-03-24 01:08:53 [INFO]              50,000 rows | 33 rows/sec | 1533s elapsed | ETA 151752s
2026-03-24 01:09:11 [INFO]             100,000 rows | 64 rows/sec | 1550s elapsed | ETA 75970s
2026-03-24 01:09:27 [INFO]             150,000 rows | 96 rows/sec | 1566s elapsed | ETA 50639s
2026-03-24 01:09:43 [INFO]             200,000 rows | 126 rows/sec | 1583s elapsed | ETA 37988s
2026-03-24 01:09:59 [INFO]             250,000 rows | 156 rows/sec | 1598s elapsed | ETA 30368s
2026-03-24 01:10:14 [INFO]             300,000 rows | 186 rows/sec | 1613s elapsed | ETA 25274s
2026-03-24 01:10:28 [INFO]             350,000 rows | 215 rows/sec | 1628s elapsed | ETA 21627s
2026-03-24 01:10:43 [INFO]             400,000 rows | 244 rows/sec | 1642s elapsed | ETA 18886s
2026-03-24 01:10:58 [INFO]             450,000 rows | 271 rows/sec | 1658s elapsed | ETA 16760s
2026-03-24 01:11:14 [INFO]             500,000 rows | 299 rows/sec | 1674s elapsed | ETA 15064s
2026-03-24 01:11:30 [INFO]             550,000 rows | 325 rows/sec | 1690s elapsed | ETA 13672s
2026-03-24 01:11:46 [INFO]             600,000 rows | 352 rows/sec | 1705s elapsed | ETA 12503s
2026-03-24 01:12:01 [INFO]             650,000 rows | 378 rows/sec | 1720s elapsed | ETA 11510s
2026-03-24 01:12:15 [INFO]             700,000 rows | 404 rows/sec | 1734s elapsed | ETA 10655s
2026-03-24 01:12:29 [INFO]             750,000 rows | 429 rows/sec | 1749s elapsed | ETA 9909s
2026-03-24 01:12:43 [INFO]             800,000 rows | 454 rows/sec | 1763s elapsed | ETA 9253s
2026-03-24 01:12:57 [INFO]             850,000 rows | 479 rows/sec | 1776s elapsed | ETA 8672s
2026-03-24 01:13:10 [INFO]             900,000 rows | 503 rows/sec | 1789s elapsed | ETA 8152s
2026-03-24 01:13:23 [INFO]             950,000 rows | 527 rows/sec | 1803s elapsed | ETA 7685s
2026-03-24 01:13:36 [INFO]           1,000,000 rows | 551 rows/sec | 1815s elapsed | ETA 7262s
2026-03-24 01:13:51 [INFO]           1,050,000 rows | 574 rows/sec | 1830s elapsed | ETA 6885s
2026-03-24 01:14:06 [INFO]           1,100,000 rows | 596 rows/sec | 1845s elapsed | ETA 6542s
2026-03-24 01:14:20 [INFO]           1,150,000 rows | 618 rows/sec | 1860s elapsed | ETA 6225s
2026-03-24 01:14:34 [INFO]           1,200,000 rows | 640 rows/sec | 1874s elapsed | ETA 5934s
2026-03-24 01:14:48 [INFO]           1,250,000 rows | 662 rows/sec | 1888s elapsed | ETA 5663s
2026-03-24 01:15:02 [INFO]           1,300,000 rows | 684 rows/sec | 1902s elapsed | ETA 5412s
2026-03-24 01:15:15 [INFO]           1,350,000 rows | 705 rows/sec | 1915s elapsed | ETA 5177s
2026-03-24 01:15:29 [INFO]           1,400,000 rows | 726 rows/sec | 1929s elapsed | ETA 4959s
2026-03-24 01:15:42 [INFO]           1,450,000 rows | 747 rows/sec | 1941s elapsed | ETA 4753s
2026-03-24 01:15:55 [INFO]           1,500,000 rows | 768 rows/sec | 1954s elapsed | ETA 4560s
2026-03-24 01:16:08 [INFO]           1,550,000 rows | 788 rows/sec | 1967s elapsed | ETA 4379s
2026-03-24 01:16:21 [INFO]           1,600,000 rows | 808 rows/sec | 1980s elapsed | ETA 4208s
2026-03-24 01:16:35 [INFO]           1,650,000 rows | 827 rows/sec | 1994s elapsed | ETA 4049s
2026-03-24 01:16:48 [INFO]           1,700,000 rows | 847 rows/sec | 2008s elapsed | ETA 3897s
2026-03-24 01:17:03 [INFO]           1,750,000 rows | 865 rows/sec | 2022s elapsed | ETA 3755s
2026-03-24 01:17:17 [INFO]           1,800,000 rows | 884 rows/sec | 2036s elapsed | ETA 3620s
2026-03-24 01:17:30 [INFO]           1,850,000 rows | 903 rows/sec | 2050s elapsed | ETA 3490s
2026-03-24 01:17:44 [INFO]           1,900,000 rows | 921 rows/sec | 2063s elapsed | ETA 3367s
2026-03-24 01:17:57 [INFO]           1,950,000 rows | 939 rows/sec | 2077s elapsed | ETA 3248s
2026-03-24 01:18:10 [INFO]           2,000,000 rows | 957 rows/sec | 2090s elapsed | ETA 3135s
2026-03-24 01:18:23 [INFO]           2,050,000 rows | 975 rows/sec | 2103s elapsed | ETA 3026s
2026-03-24 01:18:36 [INFO]           2,100,000 rows | 993 rows/sec | 2116s elapsed | ETA 2921s
2026-03-24 01:18:49 [INFO]           2,150,000 rows | 1,010 rows/sec | 2129s elapsed | ETA 2822s
2026-03-24 01:19:02 [INFO]           2,200,000 rows | 1,027 rows/sec | 2141s elapsed | ETA 2725s
2026-03-24 01:19:04 [INFO]     2025-12: 2,207,420 rows
2026-03-24 01:19:04 [INFO]     Processing 2026-01-01 to 2026-02-01...
2026-03-24 01:19:04 [DEBUG]   SQL: 
        SELECT
            CAST(h.TrxDate AS DATE), h.RouteCode, rt.Name,
            h.UserCode, u.Description, h.OrgCode, so.Description,
            h.ClientCode, c.Description, cd.ChannelCode, ch...
2026-03-24 01:19:04 [INFO]   Querying MSSQL (this may take a while for large tables)...
2026-03-24 01:20:10 [INFO]   MSSQL query returned in 65.9s - starting load...
2026-03-24 01:20:25 [INFO]              50,000 rows | 22 rows/sec | 2224s elapsed | ETA 220192s
2026-03-24 01:20:37 [INFO]             100,000 rows | 45 rows/sec | 2237s elapsed | ETA 109596s
2026-03-24 01:20:49 [INFO]             150,000 rows | 67 rows/sec | 2249s elapsed | ETA 72711s
2026-03-24 01:21:02 [INFO]             200,000 rows | 88 rows/sec | 2261s elapsed | ETA 54275s
2026-03-24 01:21:15 [INFO]             250,000 rows | 110 rows/sec | 2274s elapsed | ETA 43206s
2026-03-24 01:21:27 [INFO]             300,000 rows | 131 rows/sec | 2286s elapsed | ETA 35819s
2026-03-24 01:21:40 [INFO]             350,000 rows | 152 rows/sec | 2299s elapsed | ETA 30550s
2026-03-24 01:21:53 [INFO]             400,000 rows | 173 rows/sec | 2313s elapsed | ETA 26596s
2026-03-24 01:22:06 [INFO]             450,000 rows | 193 rows/sec | 2326s elapsed | ETA 23517s
2026-03-24 01:22:19 [INFO]             500,000 rows | 214 rows/sec | 2339s elapsed | ETA 21049s
2026-03-24 01:22:32 [INFO]             550,000 rows | 234 rows/sec | 2351s elapsed | ETA 19024s
2026-03-24 01:22:44 [INFO]             600,000 rows | 254 rows/sec | 2364s elapsed | ETA 17333s
2026-03-24 01:22:57 [INFO]             650,000 rows | 274 rows/sec | 2376s elapsed | ETA 15900s
2026-03-24 01:23:09 [INFO]             700,000 rows | 293 rows/sec | 2388s elapsed | ETA 14670s
2026-03-24 01:23:21 [INFO]             750,000 rows | 312 rows/sec | 2400s elapsed | ETA 13601s
2026-03-24 01:23:35 [INFO]             800,000 rows | 331 rows/sec | 2414s elapsed | ETA 12675s
2026-03-24 01:23:47 [INFO]             850,000 rows | 350 rows/sec | 2427s elapsed | ETA 11847s
2026-03-24 01:24:01 [INFO]             900,000 rows | 369 rows/sec | 2440s elapsed | ETA 11116s
2026-03-24 01:24:15 [INFO]             950,000 rows | 387 rows/sec | 2455s elapsed | ETA 10464s
2026-03-24 01:24:29 [INFO]           1,000,000 rows | 405 rows/sec | 2469s elapsed | ETA 9874s
2026-03-24 01:24:43 [INFO]           1,050,000 rows | 423 rows/sec | 2482s elapsed | ETA 9337s
2026-03-24 01:24:56 [INFO]           1,100,000 rows | 441 rows/sec | 2495s elapsed | ETA 8847s
2026-03-24 01:25:09 [INFO]           1,150,000 rows | 458 rows/sec | 2508s elapsed | ETA 8398s
2026-03-24 01:25:22 [INFO]           1,200,000 rows | 476 rows/sec | 2521s elapsed | ETA 7985s
2026-03-24 01:25:35 [INFO]           1,250,000 rows | 493 rows/sec | 2534s elapsed | ETA 7602s
2026-03-24 01:25:47 [INFO]           1,300,000 rows | 510 rows/sec | 2547s elapsed | ETA 7248s
2026-03-24 01:26:00 [INFO]           1,350,000 rows | 527 rows/sec | 2559s elapsed | ETA 6920s
2026-03-24 01:26:13 [INFO]           1,400,000 rows | 544 rows/sec | 2572s elapsed | ETA 6614s
2026-03-24 01:26:26 [INFO]           1,450,000 rows | 561 rows/sec | 2585s elapsed | ETA 6329s
2026-03-24 01:26:39 [INFO]           1,500,000 rows | 577 rows/sec | 2598s elapsed | ETA 6063s
2026-03-24 01:26:53 [INFO]           1,550,000 rows | 593 rows/sec | 2612s elapsed | ETA 5814s
2026-03-24 01:27:06 [INFO]           1,600,000 rows | 609 rows/sec | 2626s elapsed | ETA 5580s
2026-03-24 01:27:22 [INFO]           1,650,000 rows | 625 rows/sec | 2641s elapsed | ETA 5362s
2026-03-24 01:27:37 [INFO]           1,700,000 rows | 640 rows/sec | 2656s elapsed | ETA 5157s
2026-03-24 01:27:52 [INFO]           1,750,000 rows | 655 rows/sec | 2671s elapsed | ETA 4961s
2026-03-24 01:28:06 [INFO]           1,800,000 rows | 670 rows/sec | 2686s elapsed | ETA 4775s
2026-03-24 01:28:21 [INFO]           1,850,000 rows | 685 rows/sec | 2700s elapsed | ETA 4597s
2026-03-24 01:28:35 [INFO]           1,900,000 rows | 700 rows/sec | 2715s elapsed | ETA 4429s
2026-03-24 01:28:49 [INFO]           1,950,000 rows | 715 rows/sec | 2729s elapsed | ETA 4268s
2026-03-24 01:29:03 [INFO]           2,000,000 rows | 729 rows/sec | 2742s elapsed | ETA 4113s
2026-03-24 01:29:16 [INFO]           2,050,000 rows | 744 rows/sec | 2756s elapsed | ETA 3966s
2026-03-24 01:29:30 [INFO]           2,100,000 rows | 758 rows/sec | 2769s elapsed | ETA 3824s
2026-03-24 01:29:43 [INFO]           2,150,000 rows | 773 rows/sec | 2782s elapsed | ETA 3688s
2026-03-24 01:29:56 [INFO]           2,200,000 rows | 787 rows/sec | 2796s elapsed | ETA 3558s
2026-03-24 01:30:09 [INFO]     2026-01: 2,247,053 rows
2026-03-24 01:30:09 [INFO]     Processing 2026-02-01 to 2026-03-01...
2026-03-24 01:30:09 [DEBUG]   SQL: 
        SELECT
            CAST(h.TrxDate AS DATE), h.RouteCode, rt.Name,
            h.UserCode, u.Description, h.OrgCode, so.Description,
            h.ClientCode, c.Description, cd.ChannelCode, ch...
2026-03-24 01:30:09 [INFO]   Querying MSSQL (this may take a while for large tables)...
2026-03-24 01:31:07 [INFO]   MSSQL query returned in 58.2s - starting load...
2026-03-24 01:31:21 [INFO]              50,000 rows | 17 rows/sec | 2881s elapsed | ETA 285208s
2026-03-24 01:31:33 [INFO]             100,000 rows | 35 rows/sec | 2893s elapsed | ETA 141748s
2026-03-24 01:31:50 [INFO]             150,000 rows | 52 rows/sec | 2909s elapsed | ETA 94071s
2026-03-24 01:32:08 [INFO]             200,000 rows | 68 rows/sec | 2927s elapsed | ETA 70251s
2026-03-24 01:32:24 [INFO]             250,000 rows | 85 rows/sec | 2943s elapsed | ETA 55924s
2026-03-24 01:32:40 [INFO]             300,000 rows | 101 rows/sec | 2959s elapsed | ETA 46360s
2026-03-24 01:32:55 [INFO]             350,000 rows | 118 rows/sec | 2975s elapsed | ETA 39521s
2026-03-24 01:33:10 [INFO]             400,000 rows | 134 rows/sec | 2990s elapsed | ETA 34383s
2026-03-24 01:33:25 [INFO]             450,000 rows | 150 rows/sec | 3004s elapsed | ETA 30377s
2026-03-24 01:33:39 [INFO]             500,000 rows | 166 rows/sec | 3019s elapsed | ETA 27169s
2026-03-24 01:33:58 [INFO]             550,000 rows | 181 rows/sec | 3038s elapsed | ETA 24579s
2026-03-24 01:34:12 [INFO]             600,000 rows | 197 rows/sec | 3051s elapsed | ETA 22377s
2026-03-24 01:34:26 [INFO]             650,000 rows | 212 rows/sec | 3065s elapsed | ETA 20512s
2026-03-24 01:34:39 [INFO]             700,000 rows | 227 rows/sec | 3079s elapsed | ETA 18912s
2026-03-24 01:34:53 [INFO]             750,000 rows | 243 rows/sec | 3092s elapsed | ETA 17522s
2026-03-24 01:35:06 [INFO]             800,000 rows | 258 rows/sec | 3106s elapsed | ETA 16306s
2026-03-24 01:35:21 [INFO]             850,000 rows | 272 rows/sec | 3121s elapsed | ETA 15235s
2026-03-24 01:35:37 [INFO]             900,000 rows | 287 rows/sec | 3136s elapsed | ETA 14288s
2026-03-24 01:35:52 [INFO]             950,000 rows | 301 rows/sec | 3151s elapsed | ETA 13434s
2026-03-24 01:36:06 [INFO]           1,000,000 rows | 316 rows/sec | 3166s elapsed | ETA 12663s
2026-03-24 01:36:20 [INFO]           1,050,000 rows | 330 rows/sec | 3180s elapsed | ETA 11962s
2026-03-24 01:36:35 [INFO]           1,100,000 rows | 344 rows/sec | 3194s elapsed | ETA 11324s
2026-03-24 01:36:48 [INFO]           1,150,000 rows | 359 rows/sec | 3207s elapsed | ETA 10738s
2026-03-24 01:37:02 [INFO]           1,200,000 rows | 373 rows/sec | 3221s elapsed | ETA 10201s
2026-03-24 01:37:15 [INFO]           1,250,000 rows | 386 rows/sec | 3235s elapsed | ETA 9704s
2026-03-24 01:37:31 [INFO]           1,300,000 rows | 400 rows/sec | 3250s elapsed | ETA 9251s
2026-03-24 01:37:47 [INFO]           1,350,000 rows | 413 rows/sec | 3266s elapsed | ETA 8830s
2026-03-24 01:38:01 [INFO]           1,400,000 rows | 427 rows/sec | 3280s elapsed | ETA 8435s
2026-03-24 01:38:15 [INFO]           1,450,000 rows | 440 rows/sec | 3294s elapsed | ETA 8065s
2026-03-24 01:38:29 [INFO]           1,500,000 rows | 453 rows/sec | 3309s elapsed | ETA 7720s
2026-03-24 01:38:46 [INFO]           1,550,000 rows | 466 rows/sec | 3325s elapsed | ETA 7401s
2026-03-24 01:39:01 [INFO]           1,600,000 rows | 479 rows/sec | 3340s elapsed | ETA 7098s
2026-03-24 01:39:17 [INFO]           1,650,000 rows | 492 rows/sec | 3356s elapsed | ETA 6814s
2026-03-24 01:39:35 [INFO]           1,700,000 rows | 504 rows/sec | 3375s elapsed | ETA 6551s
2026-03-24 01:39:52 [INFO]           1,750,000 rows | 516 rows/sec | 3392s elapsed | ETA 6299s
2026-03-24 01:40:10 [INFO]           1,800,000 rows | 528 rows/sec | 3409s elapsed | ETA 6060s
2026-03-24 01:40:31 [INFO]           1,850,000 rows | 539 rows/sec | 3430s elapsed | ETA 5841s
2026-03-24 01:40:47 [INFO]           1,900,000 rows | 551 rows/sec | 3446s elapsed | ETA 5622s
2026-03-24 01:41:01 [INFO]           1,950,000 rows | 564 rows/sec | 3460s elapsed | ETA 5412s
2026-03-24 01:41:15 [INFO]           2,000,000 rows | 576 rows/sec | 3474s elapsed | ETA 5212s
2026-03-24 01:41:29 [INFO]           2,050,000 rows | 588 rows/sec | 3489s elapsed | ETA 5020s
2026-03-24 01:41:30 [INFO]     2026-02: 2,051,621 rows
2026-03-24 01:41:30 [INFO]     Processing 2026-03-01 to 2026-03-31...
2026-03-24 01:41:30 [DEBUG]   SQL: 
        SELECT
            CAST(h.TrxDate AS DATE), h.RouteCode, rt.Name,
            h.UserCode, u.Description, h.OrgCode, so.Description,
            h.ClientCode, c.Description, cd.ChannelCode, ch...
2026-03-24 01:41:30 [INFO]   Querying MSSQL (this may take a while for large tables)...
2026-03-24 01:41:39 [INFO]   MSSQL query returned in 8.2s - starting load...
2026-03-24 01:41:53 [INFO]              50,000 rows | 14 rows/sec | 3512s elapsed | ETA 347707s
2026-03-24 01:42:06 [INFO]             100,000 rows | 28 rows/sec | 3525s elapsed | ETA 172747s
2026-03-24 01:42:19 [INFO]             150,000 rows | 42 rows/sec | 3539s elapsed | ETA 114418s
2026-03-24 01:42:32 [INFO]             200,000 rows | 56 rows/sec | 3552s elapsed | ETA 85242s
2026-03-24 01:42:45 [INFO]             250,000 rows | 70 rows/sec | 3565s elapsed | ETA 67726s
2026-03-24 01:42:58 [INFO]             300,000 rows | 84 rows/sec | 3577s elapsed | ETA 56042s
2026-03-24 01:43:10 [INFO]             350,000 rows | 98 rows/sec | 3590s elapsed | ETA 47690s
2026-03-24 01:43:22 [INFO]             400,000 rows | 111 rows/sec | 3602s elapsed | ETA 41420s
2026-03-24 01:43:35 [INFO]             450,000 rows | 125 rows/sec | 3614s elapsed | ETA 36541s
2026-03-24 01:43:46 [INFO]     2026-03: 497,848 rows
2026-03-24 01:43:46 [INFO]   [OK] 11,697,179 rows in 3625.4s (3,226 rows/sec)
2026-03-24 01:43:46 [INFO] 
──────────────────────────────────────────────────
2026-03-24 01:43:46 [INFO]   [19/16] rpt_sales_detail [██████████████████████] 112%
2026-03-24 01:43:46 [INFO]        Expected: ~12,000,000 rows
2026-03-24 01:43:47 [INFO]     Processing 2025-10-01 to 2025-10-15...
2026-03-24 01:43:47 [DEBUG]   SQL: 
        SELECT
            h.TrxCode, d.[LineNo], CAST(h.TrxDate AS DATE), CAST(h.TripDate AS DATE),
            h.TrxType, h.PaymentType, h.TRXStatus,
            h.UserCode, u.Description,
        ...
2026-03-24 01:43:47 [INFO]   Querying MSSQL (this may take a while for large tables)...
2026-03-24 01:43:49 [INFO]   MSSQL query returned in 1.9s - starting load...
2026-03-24 01:44:12 [INFO]              50,000 rows | 1,887 rows/sec | 26s elapsed | ETA 6331s
2026-03-24 01:44:34 [INFO]             100,000 rows | 2,064 rows/sec | 48s elapsed | ETA 5766s
2026-03-24 01:44:56 [INFO]             150,000 rows | 2,143 rows/sec | 70s elapsed | ETA 5529s
2026-03-24 01:45:17 [INFO]             200,000 rows | 2,191 rows/sec | 91s elapsed | ETA 5385s
2026-03-24 01:45:38 [INFO]             250,000 rows | 2,235 rows/sec | 112s elapsed | ETA 5257s
2026-03-24 01:45:58 [INFO]             300,000 rows | 2,272 rows/sec | 132s elapsed | ETA 5149s
2026-03-24 01:46:17 [INFO]             350,000 rows | 2,310 rows/sec | 151s elapsed | ETA 5042s
2026-03-24 01:46:37 [INFO]             400,000 rows | 2,339 rows/sec | 171s elapsed | ETA 4959s
2026-03-24 01:46:56 [INFO]             450,000 rows | 2,373 rows/sec | 190s elapsed | ETA 4868s
2026-03-24 01:47:14 [INFO]             500,000 rows | 2,401 rows/sec | 208s elapsed | ETA 4789s
2026-03-24 01:47:33 [INFO]             550,000 rows | 2,427 rows/sec | 227s elapsed | ETA 4717s
2026-03-24 01:47:51 [INFO]             600,000 rows | 2,450 rows/sec | 245s elapsed | ETA 4654s
2026-03-24 01:48:09 [INFO]             650,000 rows | 2,469 rows/sec | 263s elapsed | ETA 4597s
2026-03-24 01:48:28 [INFO]             700,000 rows | 2,481 rows/sec | 282s elapsed | ETA 4555s
2026-03-24 01:48:47 [INFO]             750,000 rows | 2,491 rows/sec | 301s elapsed | ETA 4516s
2026-03-24 01:49:05 [INFO]             800,000 rows | 2,505 rows/sec | 319s elapsed | ETA 4470s
2026-03-24 01:49:23 [INFO]             850,000 rows | 2,520 rows/sec | 337s elapsed | ETA 4424s
2026-03-24 01:49:41 [INFO]             900,000 rows | 2,533 rows/sec | 355s elapsed | ETA 4382s
2026-03-24 01:49:59 [INFO]             950,000 rows | 2,548 rows/sec | 373s elapsed | ETA 4336s
2026-03-24 01:50:16 [INFO]           1,000,000 rows | 2,564 rows/sec | 390s elapsed | ETA 4290s
2026-03-24 01:50:36 [INFO]           1,050,000 rows | 2,563 rows/sec | 410s elapsed | ETA 4272s
2026-03-24 01:50:55 [INFO]           1,100,000 rows | 2,561 rows/sec | 430s elapsed | ETA 4256s
2026-03-24 01:51:14 [INFO]           1,150,000 rows | 2,565 rows/sec | 448s elapsed | ETA 4230s
2026-03-24 01:51:33 [INFO]           1,200,000 rows | 2,570 rows/sec | 467s elapsed | ETA 4202s
2026-03-24 01:51:52 [INFO]           1,250,000 rows | 2,574 rows/sec | 486s elapsed | ETA 4177s
2026-03-24 01:52:10 [INFO]           1,300,000 rows | 2,579 rows/sec | 504s elapsed | ETA 4148s
2026-03-24 01:52:28 [INFO]           1,350,000 rows | 2,588 rows/sec | 522s elapsed | ETA 4116s
2026-03-24 01:52:46 [INFO]           1,400,000 rows | 2,594 rows/sec | 540s elapsed | ETA 4086s
2026-03-24 01:53:03 [INFO]           1,450,000 rows | 2,602 rows/sec | 557s elapsed | ETA 4054s
2026-03-24 01:53:20 [INFO]           1,500,000 rows | 2,612 rows/sec | 574s elapsed | ETA 4020s
2026-03-24 01:53:37 [INFO]           1,550,000 rows | 2,622 rows/sec | 591s elapsed | ETA 3986s
2026-03-24 01:53:54 [INFO]           1,600,000 rows | 2,631 rows/sec | 608s elapsed | ETA 3953s
2026-03-24 01:54:11 [INFO]           1,650,000 rows | 2,641 rows/sec | 625s elapsed | ETA 3919s
2026-03-24 01:54:27 [INFO]           1,700,000 rows | 2,651 rows/sec | 641s elapsed | ETA 3886s
2026-03-24 01:54:44 [INFO]           1,750,000 rows | 2,662 rows/sec | 658s elapsed | ETA 3851s
2026-03-24 01:55:00 [INFO]           1,800,000 rows | 2,671 rows/sec | 674s elapsed | ETA 3819s
2026-03-24 01:55:17 [INFO]           1,850,000 rows | 2,678 rows/sec | 691s elapsed | ETA 3790s
2026-03-24 01:55:34 [INFO]           1,900,000 rows | 2,685 rows/sec | 708s elapsed | ETA 3761s
2026-03-24 01:55:52 [INFO]           1,950,000 rows | 2,685 rows/sec | 726s elapsed | ETA 3744s
2026-03-24 01:56:14 [INFO]           2,000,000 rows | 2,674 rows/sec | 748s elapsed | ETA 3740s
2026-03-24 01:56:35 [INFO]           2,050,000 rows | 2,667 rows/sec | 769s elapsed | ETA 3731s
2026-03-24 01:56:55 [INFO]           2,100,000 rows | 2,661 rows/sec | 789s elapsed | ETA 3720s
2026-03-24 01:57:15 [INFO]           2,150,000 rows | 2,658 rows/sec | 809s elapsed | ETA 3706s
2026-03-24 01:57:34 [INFO]           2,200,000 rows | 2,656 rows/sec | 828s elapsed | ETA 3690s
2026-03-24 01:57:53 [INFO]           2,250,000 rows | 2,655 rows/sec | 847s elapsed | ETA 3672s
2026-03-24 01:58:13 [INFO]           2,300,000 rows | 2,653 rows/sec | 867s elapsed | ETA 3657s
2026-03-24 01:58:33 [INFO]           2,350,000 rows | 2,650 rows/sec | 887s elapsed | ETA 3641s
2026-03-24 01:58:52 [INFO]           2,400,000 rows | 2,649 rows/sec | 906s elapsed | ETA 3623s
2026-03-24 01:59:18 [INFO]           2,450,000 rows | 2,630 rows/sec | 932s elapsed | ETA 3631s
2026-03-24 01:59:43 [INFO]           2,500,000 rows | 2,612 rows/sec | 957s elapsed | ETA 3637s
2026-03-24 01:59:53 [INFO]     2025-10-01 to 2025-10-15: 2,518,860 rows
2026-03-24 01:59:53 [INFO]     Processing 2025-10-15 to 2025-10-29...
2026-03-24 01:59:53 [DEBUG]   SQL: 
        SELECT
            h.TrxCode, d.[LineNo], CAST(h.TrxDate AS DATE), CAST(h.TripDate AS DATE),
            h.TrxType, h.PaymentType, h.TRXStatus,
            h.UserCode, u.Description,
        ...
2026-03-24 01:59:53 [INFO]   Querying MSSQL (this may take a while for large tables)...
2026-03-24 01:59:55 [INFO]   MSSQL query returned in 1.9s - starting load...
2026-03-24 02:00:22 [INFO]              50,000 rows | 50 rows/sec | 996s elapsed | ETA 237971s
2026-03-24 02:00:46 [INFO]             100,000 rows | 98 rows/sec | 1021s elapsed | ETA 121441s
2026-03-24 02:01:10 [INFO]             150,000 rows | 144 rows/sec | 1044s elapsed | ETA 82453s
2026-03-24 02:01:39 [INFO]             200,000 rows | 186 rows/sec | 1073s elapsed | ETA 63294s
2026-03-24 02:02:04 [INFO]             250,000 rows | 228 rows/sec | 1098s elapsed | ETA 51613s
2026-03-24 02:02:29 [INFO]             300,000 rows | 267 rows/sec | 1123s elapsed | ETA 43802s
2026-03-24 02:02:53 [INFO]             350,000 rows | 305 rows/sec | 1147s elapsed | ETA 38167s
2026-03-24 02:03:15 [INFO]             400,000 rows | 342 rows/sec | 1169s elapsed | ETA 33913s
2026-03-24 02:03:37 [INFO]             450,000 rows | 378 rows/sec | 1191s elapsed | ETA 30573s
2026-03-24 02:03:58 [INFO]             500,000 rows | 413 rows/sec | 1212s elapsed | ETA 27878s
2026-03-24 02:04:19 [INFO]             550,000 rows | 446 rows/sec | 1233s elapsed | ETA 25663s
2026-03-24 02:04:39 [INFO]             600,000 rows | 479 rows/sec | 1253s elapsed | ETA 23811s
2026-03-24 02:05:00 [INFO]             650,000 rows | 510 rows/sec | 1274s elapsed | ETA 22252s
2026-03-24 02:05:23 [INFO]             700,000 rows | 540 rows/sec | 1297s elapsed | ETA 20933s
2026-03-24 02:05:48 [INFO]             750,000 rows | 567 rows/sec | 1322s elapsed | ETA 19836s
2026-03-24 02:06:12 [INFO]             800,000 rows | 595 rows/sec | 1346s elapsed | ETA 18838s
2026-03-24 02:06:34 [INFO]             850,000 rows | 621 rows/sec | 1368s elapsed | ETA 17948s
2026-03-24 02:06:57 [INFO]             900,000 rows | 647 rows/sec | 1391s elapsed | ETA 17154s
2026-03-24 02:07:19 [INFO]             950,000 rows | 672 rows/sec | 1413s elapsed | ETA 16432s
2026-03-24 02:07:40 [INFO]           1,000,000 rows | 698 rows/sec | 1434s elapsed | ETA 15771s
2026-03-24 02:08:00 [INFO]           1,050,000 rows | 722 rows/sec | 1454s elapsed | ETA 15164s
2026-03-24 02:08:20 [INFO]           1,100,000 rows | 746 rows/sec | 1474s elapsed | ETA 14605s
2026-03-24 02:08:39 [INFO]           1,150,000 rows | 770 rows/sec | 1493s elapsed | ETA 14087s
2026-03-24 02:09:03 [INFO]           1,200,000 rows | 791 rows/sec | 1517s elapsed | ETA 13655s
2026-03-24 02:09:32 [INFO]           1,250,000 rows | 808 rows/sec | 1546s elapsed | ETA 13298s
2026-03-24 02:09:59 [INFO]           1,300,000 rows | 826 rows/sec | 1573s elapsed | ETA 12950s
2026-03-24 02:10:23 [INFO]           1,350,000 rows | 846 rows/sec | 1597s elapsed | ETA 12595s
2026-03-24 02:10:45 [INFO]           1,400,000 rows | 865 rows/sec | 1619s elapsed | ETA 12259s
2026-03-24 02:11:06 [INFO]           1,450,000 rows | 884 rows/sec | 1640s elapsed | ETA 11935s
2026-03-24 02:11:27 [INFO]           1,500,000 rows | 903 rows/sec | 1661s elapsed | ETA 11628s
2026-03-24 02:11:48 [INFO]           1,550,000 rows | 922 rows/sec | 1682s elapsed | ETA 11338s
2026-03-24 02:12:08 [INFO]           1,600,000 rows | 940 rows/sec | 1702s elapsed | ETA 11061s
2026-03-24 02:12:27 [INFO]           1,650,000 rows | 959 rows/sec | 1721s elapsed | ETA 10794s
2026-03-24 02:12:46 [INFO]           1,700,000 rows | 977 rows/sec | 1740s elapsed | ETA 10541s
2026-03-24 02:13:04 [INFO]           1,750,000 rows | 995 rows/sec | 1758s elapsed | ETA 10297s
2026-03-24 02:13:22 [INFO]           1,800,000 rows | 1,014 rows/sec | 1776s elapsed | ETA 10064s
2026-03-24 02:13:40 [INFO]           1,850,000 rows | 1,031 rows/sec | 1794s elapsed | ETA 9841s
2026-03-24 02:13:57 [INFO]           1,900,000 rows | 1,049 rows/sec | 1811s elapsed | ETA 9629s
2026-03-24 02:14:14 [INFO]           1,950,000 rows | 1,067 rows/sec | 1828s elapsed | ETA 9423s
2026-03-24 02:14:31 [INFO]           2,000,000 rows | 1,084 rows/sec | 1845s elapsed | ETA 9225s
2026-03-24 02:14:48 [INFO]           2,050,000 rows | 1,101 rows/sec | 1862s elapsed | ETA 9039s
2026-03-24 02:15:05 [INFO]           2,100,000 rows | 1,117 rows/sec | 1879s elapsed | ETA 8860s
2026-03-24 02:15:25 [INFO]           2,150,000 rows | 1,132 rows/sec | 1899s elapsed | ETA 8700s
2026-03-24 02:15:41 [INFO]           2,200,000 rows | 1,149 rows/sec | 1915s elapsed | ETA 8530s
2026-03-24 02:15:58 [INFO]           2,250,000 rows | 1,165 rows/sec | 1932s elapsed | ETA 8371s
2026-03-24 02:16:15 [INFO]           2,300,000 rows | 1,180 rows/sec | 1949s elapsed | ETA 8219s
2026-03-24 02:16:32 [INFO]           2,350,000 rows | 1,195 rows/sec | 1966s elapsed | ETA 8073s
2026-03-24 02:16:53 [INFO]           2,400,000 rows | 1,208 rows/sec | 1987s elapsed | ETA 7946s
2026-03-24 02:17:13 [INFO]           2,450,000 rows | 1,221 rows/sec | 2007s elapsed | ETA 7822s
2026-03-24 02:17:32 [INFO]           2,500,000 rows | 1,234 rows/sec | 2026s elapsed | ETA 7698s
2026-03-24 02:17:51 [INFO]           2,550,000 rows | 1,247 rows/sec | 2045s elapsed | ETA 7578s
2026-03-24 02:17:58 [INFO]     2025-10-15 to 2025-10-29: 2,567,018 rows
2026-03-24 02:17:58 [INFO]     Processing 2025-10-29 to 2025-11-12...
2026-03-24 02:17:58 [DEBUG]   SQL: 
        SELECT
            h.TrxCode, d.[LineNo], CAST(h.TrxDate AS DATE), CAST(h.TripDate AS DATE),
            h.TrxType, h.PaymentType, h.TRXStatus,
            h.UserCode, u.Description,
        ...
2026-03-24 02:17:58 [INFO]   Querying MSSQL (this may take a while for large tables)...
2026-03-24 02:18:00 [INFO]   MSSQL query returned in 1.9s - starting load...
2026-03-24 02:18:20 [INFO]              50,000 rows | 24 rows/sec | 2074s elapsed | ETA 495650s
2026-03-24 02:18:39 [INFO]             100,000 rows | 48 rows/sec | 2093s elapsed | ETA 249106s
2026-03-24 02:18:58 [INFO]             150,000 rows | 71 rows/sec | 2112s elapsed | ETA 166876s
2026-03-24 02:19:18 [INFO]             200,000 rows | 94 rows/sec | 2132s elapsed | ETA 125762s
2026-03-24 02:19:38 [INFO]             250,000 rows | 116 rows/sec | 2152s elapsed | ETA 101151s
2026-03-24 02:19:59 [INFO]             300,000 rows | 138 rows/sec | 2173s elapsed | ETA 84743s
2026-03-24 02:20:23 [INFO]             350,000 rows | 159 rows/sec | 2198s elapsed | ETA 73146s
2026-03-24 02:20:46 [INFO]             400,000 rows | 180 rows/sec | 2220s elapsed | ETA 64369s
2026-03-24 02:21:07 [INFO]             450,000 rows | 201 rows/sec | 2241s elapsed | ETA 57523s
2026-03-24 02:21:29 [INFO]             500,000 rows | 221 rows/sec | 2263s elapsed | ETA 52041s
2026-03-24 02:21:50 [INFO]             550,000 rows | 241 rows/sec | 2284s elapsed | ETA 47541s
2026-03-24 02:22:11 [INFO]             600,000 rows | 260 rows/sec | 2305s elapsed | ETA 43793s
2026-03-24 02:22:32 [INFO]             650,000 rows | 279 rows/sec | 2326s elapsed | ETA 40613s
2026-03-24 02:22:53 [INFO]             700,000 rows | 298 rows/sec | 2347s elapsed | ETA 37883s
2026-03-24 02:23:15 [INFO]             750,000 rows | 317 rows/sec | 2369s elapsed | ETA 35533s
2026-03-24 02:23:42 [INFO]             800,000 rows | 334 rows/sec | 2396s elapsed | ETA 33539s
2026-03-24 02:24:05 [INFO]             850,000 rows | 351 rows/sec | 2420s elapsed | ETA 31738s
2026-03-24 02:24:28 [INFO]             900,000 rows | 369 rows/sec | 2442s elapsed | ETA 30121s
2026-03-24 02:24:50 [INFO]             950,000 rows | 386 rows/sec | 2464s elapsed | ETA 28664s
2026-03-24 02:25:12 [INFO]           1,000,000 rows | 402 rows/sec | 2486s elapsed | ETA 27348s
2026-03-24 02:25:34 [INFO]           1,050,000 rows | 419 rows/sec | 2508s elapsed | ETA 26152s
2026-03-24 02:25:55 [INFO]           1,100,000 rows | 435 rows/sec | 2529s elapsed | ETA 25061s
2026-03-24 02:26:17 [INFO]           1,150,000 rows | 451 rows/sec | 2551s elapsed | ETA 24067s
2026-03-24 02:26:40 [INFO]           1,200,000 rows | 466 rows/sec | 2574s elapsed | ETA 23166s
2026-03-24 02:27:02 [INFO]           1,250,000 rows | 481 rows/sec | 2596s elapsed | ETA 22329s
2026-03-24 02:27:24 [INFO]           1,300,000 rows | 497 rows/sec | 2618s elapsed | ETA 21549s
2026-03-24 02:27:45 [INFO]           1,350,000 rows | 511 rows/sec | 2640s elapsed | ETA 20823s
2026-03-24 02:28:06 [INFO]           1,400,000 rows | 526 rows/sec | 2660s elapsed | ETA 20141s
2026-03-24 02:28:26 [INFO]           1,450,000 rows | 541 rows/sec | 2680s elapsed | ETA 19501s
2026-03-24 02:28:46 [INFO]           1,500,000 rows | 555 rows/sec | 2700s elapsed | ETA 18903s
2026-03-24 02:29:09 [INFO]           1,550,000 rows | 569 rows/sec | 2723s elapsed | ETA 18361s
2026-03-24 02:29:33 [INFO]           1,600,000 rows | 582 rows/sec | 2747s elapsed | ETA 17857s
2026-03-24 02:29:58 [INFO]           1,650,000 rows | 595 rows/sec | 2772s elapsed | ETA 17385s
2026-03-24 02:30:22 [INFO]           1,700,000 rows | 608 rows/sec | 2796s elapsed | ETA 16939s
2026-03-24 02:30:46 [INFO]           1,750,000 rows | 621 rows/sec | 2820s elapsed | ETA 16516s
2026-03-24 02:31:08 [INFO]           1,800,000 rows | 633 rows/sec | 2842s elapsed | ETA 16104s
2026-03-24 02:31:29 [INFO]           1,850,000 rows | 646 rows/sec | 2863s elapsed | ETA 15709s
2026-03-24 02:31:59 [INFO]           1,900,000 rows | 657 rows/sec | 2893s elapsed | ETA 15380s
2026-03-24 02:32:25 [INFO]           1,950,000 rows | 668 rows/sec | 2919s elapsed | ETA 15042s
2026-03-24 02:32:49 [INFO]           2,000,000 rows | 680 rows/sec | 2943s elapsed | ETA 14714s
2026-03-24 02:33:11 [INFO]           2,050,000 rows | 691 rows/sec | 2965s elapsed | ETA 14393s
2026-03-24 02:33:35 [INFO]           2,100,000 rows | 703 rows/sec | 2989s elapsed | ETA 14089s
2026-03-24 02:33:59 [INFO]           2,150,000 rows | 714 rows/sec | 3013s elapsed | ETA 13805s
2026-03-24 02:34:22 [INFO]           2,200,000 rows | 725 rows/sec | 3036s elapsed | ETA 13524s
2026-03-24 02:34:50 [INFO]           2,250,000 rows | 734 rows/sec | 3064s elapsed | ETA 13276s
2026-03-24 02:35:11 [INFO]           2,300,000 rows | 745 rows/sec | 3085s elapsed | ETA 13013s
2026-03-24 02:35:33 [INFO]           2,350,000 rows | 756 rows/sec | 3107s elapsed | ETA 12760s
2026-03-24 02:35:59 [INFO]           2,400,000 rows | 766 rows/sec | 3133s elapsed | ETA 12531s
2026-03-24 02:36:21 [INFO]           2,450,000 rows | 777 rows/sec | 3155s elapsed | ETA 12299s
2026-03-24 02:36:49 [INFO]           2,500,000 rows | 786 rows/sec | 3183s elapsed | ETA 12094s
2026-03-24 02:37:17 [INFO]     2025-10-29 to 2025-11-12: 2,544,910 rows
2026-03-24 02:37:17 [INFO]     Processing 2025-11-12 to 2025-11-26...
2026-03-24 02:37:17 [DEBUG]   SQL: 
        SELECT
            h.TrxCode, d.[LineNo], CAST(h.TrxDate AS DATE), CAST(h.TripDate AS DATE),
            h.TrxType, h.PaymentType, h.TRXStatus,
            h.UserCode, u.Description,
        ...
2026-03-24 02:37:17 [INFO]   Querying MSSQL (this may take a while for large tables)...
2026-03-24 02:37:27 [INFO]   MSSQL query returned in 10.2s - starting load...
2026-03-24 02:38:01 [INFO]              50,000 rows | 15 rows/sec | 3256s elapsed | ETA 778067s
2026-03-24 02:38:34 [INFO]             100,000 rows | 30 rows/sec | 3288s elapsed | ETA 391300s
2026-03-24 02:39:07 [INFO]             150,000 rows | 45 rows/sec | 3321s elapsed | ETA 262371s
2026-03-24 02:39:41 [INFO]             200,000 rows | 60 rows/sec | 3355s elapsed | ETA 197923s
2026-03-24 02:40:11 [INFO]             250,000 rows | 74 rows/sec | 3385s elapsed | ETA 159081s
2026-03-24 02:40:34 [INFO]             300,000 rows | 88 rows/sec | 3408s elapsed | ETA 132919s
2026-03-24 02:40:57 [INFO]             350,000 rows | 102 rows/sec | 3431s elapsed | ETA 114203s
2026-03-24 02:41:19 [INFO]             400,000 rows | 116 rows/sec | 3453s elapsed | ETA 100141s
2026-03-24 02:41:40 [INFO]             450,000 rows | 130 rows/sec | 3474s elapsed | ETA 89175s
2026-03-24 02:42:01 [INFO]             500,000 rows | 143 rows/sec | 3495s elapsed | ETA 80395s
2026-03-24 02:42:21 [INFO]             550,000 rows | 156 rows/sec | 3515s elapsed | ETA 73183s
2026-03-24 02:42:41 [INFO]             600,000 rows | 170 rows/sec | 3535s elapsed | ETA 67166s
2026-03-24 02:43:00 [INFO]             650,000 rows | 183 rows/sec | 3554s elapsed | ETA 62066s
2026-03-24 02:43:19 [INFO]             700,000 rows | 196 rows/sec | 3573s elapsed | ETA 57684s
2026-03-24 02:43:38 [INFO]             750,000 rows | 209 rows/sec | 3592s elapsed | ETA 53881s
2026-03-24 02:43:57 [INFO]             800,000 rows | 222 rows/sec | 3611s elapsed | ETA 50555s
2026-03-24 02:44:15 [INFO]             850,000 rows | 234 rows/sec | 3629s elapsed | ETA 47608s
2026-03-24 02:44:33 [INFO]             900,000 rows | 247 rows/sec | 3647s elapsed | ETA 44982s
2026-03-24 02:44:51 [INFO]             950,000 rows | 259 rows/sec | 3665s elapsed | ETA 42634s
2026-03-24 02:45:08 [INFO]           1,000,000 rows | 272 rows/sec | 3682s elapsed | ETA 40503s
2026-03-24 02:45:25 [INFO]           1,050,000 rows | 284 rows/sec | 3699s elapsed | ETA 38577s
2026-03-24 02:45:42 [INFO]           1,100,000 rows | 296 rows/sec | 3716s elapsed | ETA 36821s
2026-03-24 02:46:00 [INFO]           1,150,000 rows | 308 rows/sec | 3734s elapsed | ETA 35227s
2026-03-24 02:46:17 [INFO]           1,200,000 rows | 320 rows/sec | 3751s elapsed | ETA 33761s
2026-03-24 02:46:34 [INFO]           1,250,000 rows | 332 rows/sec | 3768s elapsed | ETA 32409s
2026-03-24 02:46:54 [INFO]           1,300,000 rows | 343 rows/sec | 3788s elapsed | ETA 31175s
2026-03-24 02:47:16 [INFO]           1,350,000 rows | 354 rows/sec | 3810s elapsed | ETA 30055s
2026-03-24 02:47:37 [INFO]           1,400,000 rows | 365 rows/sec | 3831s elapsed | ETA 29007s
2026-03-24 02:47:59 [INFO]           1,450,000 rows | 376 rows/sec | 3853s elapsed | ETA 28030s
2026-03-24 02:48:19 [INFO]           1,500,000 rows | 387 rows/sec | 3873s elapsed | ETA 27112s
2026-03-24 02:48:39 [INFO]           1,550,000 rows | 398 rows/sec | 3893s elapsed | ETA 26248s
2026-03-24 02:49:07 [INFO]           1,600,000 rows | 408 rows/sec | 3921s elapsed | ETA 25484s
2026-03-24 02:49:30 [INFO]           1,650,000 rows | 418 rows/sec | 3944s elapsed | ETA 24741s
2026-03-24 02:49:53 [INFO]           1,700,000 rows | 429 rows/sec | 3967s elapsed | ETA 24033s
2026-03-24 02:50:15 [INFO]           1,750,000 rows | 439 rows/sec | 3989s elapsed | ETA 23363s
2026-03-24 02:50:37 [INFO]           1,800,000 rows | 449 rows/sec | 4011s elapsed | ETA 22730s
2026-03-24 02:50:58 [INFO]           1,850,000 rows | 459 rows/sec | 4032s elapsed | ETA 22123s
2026-03-24 02:51:19 [INFO]           1,900,000 rows | 469 rows/sec | 4053s elapsed | ETA 21547s
2026-03-24 02:51:39 [INFO]           1,950,000 rows | 479 rows/sec | 4073s elapsed | ETA 20993s
2026-03-24 02:51:59 [INFO]           2,000,000 rows | 489 rows/sec | 4093s elapsed | ETA 20464s
2026-03-24 02:52:18 [INFO]           2,050,000 rows | 499 rows/sec | 4112s elapsed | ETA 19956s
2026-03-24 02:52:37 [INFO]           2,100,000 rows | 508 rows/sec | 4131s elapsed | ETA 19474s
2026-03-24 02:52:56 [INFO]           2,150,000 rows | 518 rows/sec | 4150s elapsed | ETA 19014s
2026-03-24 02:53:15 [INFO]           2,200,000 rows | 528 rows/sec | 4169s elapsed | ETA 18571s
2026-03-24 02:53:33 [INFO]           2,250,000 rows | 537 rows/sec | 4187s elapsed | ETA 18145s
2026-03-24 02:53:52 [INFO]           2,300,000 rows | 547 rows/sec | 4206s elapsed | ETA 17738s
2026-03-24 02:54:10 [INFO]           2,350,000 rows | 556 rows/sec | 4224s elapsed | ETA 17346s
2026-03-24 02:54:29 [INFO]           2,400,000 rows | 566 rows/sec | 4243s elapsed | ETA 16971s
2026-03-24 02:54:49 [INFO]           2,450,000 rows | 575 rows/sec | 4263s elapsed | ETA 16615s
2026-03-24 02:55:08 [INFO]           2,500,000 rows | 584 rows/sec | 4282s elapsed | ETA 16271s
2026-03-24 02:55:19 [INFO]     2025-11-12 to 2025-11-26: 2,527,714 rows
2026-03-24 02:55:19 [INFO]     Processing 2025-11-26 to 2025-12-10...
2026-03-24 02:55:19 [DEBUG]   SQL: 
        SELECT
            h.TrxCode, d.[LineNo], CAST(h.TrxDate AS DATE), CAST(h.TripDate AS DATE),
            h.TrxType, h.PaymentType, h.TRXStatus,
            h.UserCode, u.Description,
        ...
2026-03-24 02:55:19 [INFO]   Querying MSSQL (this may take a while for large tables)...
2026-03-24 02:55:30 [INFO]   MSSQL query returned in 10.9s - starting load...
2026-03-24 02:55:49 [INFO]              50,000 rows | 12 rows/sec | 4323s elapsed | ETA 1033229s
2026-03-24 02:56:07 [INFO]             100,000 rows | 23 rows/sec | 4341s elapsed | ETA 516629s
2026-03-24 02:56:25 [INFO]             150,000 rows | 34 rows/sec | 4359s elapsed | ETA 344385s
2026-03-24 02:56:44 [INFO]             200,000 rows | 46 rows/sec | 4378s elapsed | ETA 258281s
2026-03-24 02:57:02 [INFO]             250,000 rows | 57 rows/sec | 4396s elapsed | ETA 206622s
2026-03-24 02:57:22 [INFO]             300,000 rows | 68 rows/sec | 4416s elapsed | ETA 172207s
2026-03-24 02:57:42 [INFO]             350,000 rows | 79 rows/sec | 4436s elapsed | ETA 147643s
2026-03-24 02:58:02 [INFO]             400,000 rows | 90 rows/sec | 4456s elapsed | ETA 129220s
2026-03-24 02:58:22 [INFO]             450,000 rows | 101 rows/sec | 4476s elapsed | ETA 114873s
2026-03-24 02:58:48 [INFO]             500,000 rows | 111 rows/sec | 4502s elapsed | ETA 103554s
2026-03-24 02:59:13 [INFO]             550,000 rows | 121 rows/sec | 4527s elapsed | ETA 94243s
2026-03-24 02:59:43 [INFO]             600,000 rows | 132 rows/sec | 4557s elapsed | ETA 86575s
2026-03-24 03:00:07 [INFO]             650,000 rows | 142 rows/sec | 4582s elapsed | ETA 80000s
2026-03-24 03:00:31 [INFO]             700,000 rows | 152 rows/sec | 4605s elapsed | ETA 74342s
2026-03-24 03:00:54 [INFO]             750,000 rows | 162 rows/sec | 4628s elapsed | ETA 69418s
2026-03-24 03:01:16 [INFO]             800,000 rows | 172 rows/sec | 4650s elapsed | ETA 65100s
2026-03-24 03:01:39 [INFO]             850,000 rows | 182 rows/sec | 4673s elapsed | ETA 61296s
2026-03-24 03:02:02 [INFO]             900,000 rows | 192 rows/sec | 4696s elapsed | ETA 57914s
2026-03-24 03:02:25 [INFO]             950,000 rows | 201 rows/sec | 4719s elapsed | ETA 54890s
2026-03-24 03:02:47 [INFO]           1,000,000 rows | 211 rows/sec | 4741s elapsed | ETA 52154s
2026-03-24 03:03:09 [INFO]           1,050,000 rows | 220 rows/sec | 4763s elapsed | ETA 49669s
2026-03-24 03:03:30 [INFO]           1,100,000 rows | 230 rows/sec | 4784s elapsed | ETA 47401s
2026-03-24 03:03:50 [INFO]           1,150,000 rows | 239 rows/sec | 4804s elapsed | ETA 45328s
2026-03-24 03:04:10 [INFO]           1,200,000 rows | 249 rows/sec | 4824s elapsed | ETA 43416s
2026-03-24 03:04:29 [INFO]           1,250,000 rows | 258 rows/sec | 4843s elapsed | ETA 41651s
2026-03-24 03:04:59 [INFO]           1,300,000 rows | 267 rows/sec | 4873s elapsed | ETA 40109s
2026-03-24 03:05:17 [INFO]           1,350,000 rows | 276 rows/sec | 4891s elapsed | ETA 38588s
2026-03-24 03:05:35 [INFO]           1,400,000 rows | 285 rows/sec | 4909s elapsed | ETA 37172s
2026-03-24 03:05:53 [INFO]           1,450,000 rows | 294 rows/sec | 4927s elapsed | ETA 35850s
2026-03-24 03:06:11 [INFO]           1,500,000 rows | 303 rows/sec | 4945s elapsed | ETA 34613s
2026-03-24 03:06:29 [INFO]           1,550,000 rows | 312 rows/sec | 4963s elapsed | ETA 33457s
2026-03-24 03:06:46 [INFO]           1,600,000 rows | 321 rows/sec | 4980s elapsed | ETA 32371s
2026-03-24 03:07:04 [INFO]           1,650,000 rows | 330 rows/sec | 4998s elapsed | ETA 31350s
2026-03-24 03:07:24 [INFO]           1,700,000 rows | 339 rows/sec | 5018s elapsed | ETA 30405s
2026-03-24 03:07:47 [INFO]           1,750,000 rows | 347 rows/sec | 5041s elapsed | ETA 29525s
2026-03-24 03:08:12 [INFO]           1,800,000 rows | 355 rows/sec | 5066s elapsed | ETA 28705s
2026-03-24 03:08:34 [INFO]           1,850,000 rows | 364 rows/sec | 5088s elapsed | ETA 27915s
2026-03-24 03:08:56 [INFO]           1,900,000 rows | 372 rows/sec | 5110s elapsed | ETA 27163s
2026-03-24 03:09:19 [INFO]           1,950,000 rows | 380 rows/sec | 5133s elapsed | ETA 26457s
2026-03-24 03:09:42 [INFO]           2,000,000 rows | 388 rows/sec | 5156s elapsed | ETA 25780s
2026-03-24 03:10:03 [INFO]           2,050,000 rows | 396 rows/sec | 5177s elapsed | ETA 25127s
2026-03-24 03:10:23 [INFO]           2,100,000 rows | 404 rows/sec | 5197s elapsed | ETA 24502s
2026-03-24 03:10:44 [INFO]           2,150,000 rows | 412 rows/sec | 5218s elapsed | ETA 23906s
2026-03-24 03:11:04 [INFO]           2,200,000 rows | 420 rows/sec | 5238s elapsed | ETA 23332s
2026-03-24 03:11:24 [INFO]           2,250,000 rows | 428 rows/sec | 5258s elapsed | ETA 22785s
2026-03-24 03:11:45 [INFO]           2,300,000 rows | 436 rows/sec | 5279s elapsed | ETA 22264s
2026-03-24 03:12:06 [INFO]           2,350,000 rows | 443 rows/sec | 5300s elapsed | ETA 21763s
2026-03-24 03:12:23 [INFO]     2025-11-26 to 2025-12-10: 2,389,694 rows
2026-03-24 03:12:23 [INFO]     Processing 2025-12-10 to 2025-12-24...
2026-03-24 03:12:23 [DEBUG]   SQL: 
        SELECT
            h.TrxCode, d.[LineNo], CAST(h.TrxDate AS DATE), CAST(h.TripDate AS DATE),
            h.TrxType, h.PaymentType, h.TRXStatus,
            h.UserCode, u.Description,
        ...
2026-03-24 03:12:23 [INFO]   Querying MSSQL (this may take a while for large tables)...
2026-03-24 03:12:47 [INFO]   MSSQL query returned in 23.6s - starting load...
2026-03-24 03:13:11 [INFO]              50,000 rows | 9 rows/sec | 5365s elapsed | ETA 1282299s
2026-03-24 03:13:39 [INFO]             100,000 rows | 19 rows/sec | 5393s elapsed | ETA 641799s
2026-03-24 03:14:06 [INFO]             150,000 rows | 28 rows/sec | 5420s elapsed | ETA 428198s
2026-03-24 03:14:30 [INFO]             200,000 rows | 37 rows/sec | 5444s elapsed | ETA 321172s
2026-03-24 03:14:52 [INFO]             250,000 rows | 46 rows/sec | 5466s elapsed | ETA 256924s
2026-03-24 03:15:15 [INFO]             300,000 rows | 55 rows/sec | 5489s elapsed | ETA 214055s
2026-03-24 03:15:36 [INFO]             350,000 rows | 64 rows/sec | 5510s elapsed | ETA 183398s
2026-03-24 03:16:03 [INFO]             400,000 rows | 72 rows/sec | 5537s elapsed | ETA 160574s
2026-03-24 03:16:39 [INFO]             450,000 rows | 81 rows/sec | 5573s elapsed | ETA 143032s
2026-03-24 03:17:07 [INFO]             500,000 rows | 89 rows/sec | 5601s elapsed | ETA 128815s
2026-03-24 03:17:31 [INFO]             550,000 rows | 98 rows/sec | 5625s elapsed | ETA 117098s
2026-03-24 03:17:56 [INFO]             600,000 rows | 106 rows/sec | 5650s elapsed | ETA 107351s
2026-03-24 03:18:19 [INFO]             650,000 rows | 115 rows/sec | 5673s elapsed | ETA 99068s
2026-03-24 03:18:43 [INFO]             700,000 rows | 123 rows/sec | 5697s elapsed | ETA 91967s
2026-03-24 03:19:07 [INFO]             750,000 rows | 131 rows/sec | 5721s elapsed | ETA 85810s
2026-03-24 03:19:29 [INFO]             800,000 rows | 139 rows/sec | 5743s elapsed | ETA 80402s
2026-03-24 03:19:59 [INFO]             850,000 rows | 147 rows/sec | 5773s elapsed | ETA 75723s
2026-03-24 03:20:26 [INFO]             900,000 rows | 155 rows/sec | 5800s elapsed | ETA 71539s
2026-03-24 03:20:53 [INFO]             950,000 rows | 163 rows/sec | 5827s elapsed | ETA 67772s
2026-03-24 03:21:18 [INFO]           1,000,000 rows | 171 rows/sec | 5852s elapsed | ETA 64369s
2026-03-24 03:21:41 [INFO]           1,050,000 rows | 179 rows/sec | 5875s elapsed | ETA 61268s
2026-03-24 03:22:04 [INFO]           1,100,000 rows | 187 rows/sec | 5898s elapsed | ETA 58439s
2026-03-24 03:22:25 [INFO]           1,150,000 rows | 194 rows/sec | 5919s elapsed | ETA 55848s
2026-03-24 03:22:47 [INFO]           1,200,000 rows | 202 rows/sec | 5941s elapsed | ETA 53466s
2026-03-24 03:23:07 [INFO]           1,250,000 rows | 210 rows/sec | 5961s elapsed | ETA 51268s
2026-03-24 03:23:28 [INFO]           1,300,000 rows | 217 rows/sec | 5982s elapsed | ETA 49234s
2026-03-24 03:23:48 [INFO]           1,350,000 rows | 225 rows/sec | 6002s elapsed | ETA 47352s
2026-03-24 03:24:08 [INFO]           1,400,000 rows | 232 rows/sec | 6022s elapsed | ETA 45599s
2026-03-24 03:24:28 [INFO]           1,450,000 rows | 240 rows/sec | 6042s elapsed | ETA 43961s
2026-03-24 03:24:48 [INFO]           1,500,000 rows | 247 rows/sec | 6062s elapsed | ETA 42431s
2026-03-24 03:25:07 [INFO]           1,550,000 rows | 255 rows/sec | 6081s elapsed | ETA 40996s
2026-03-24 03:25:26 [INFO]           1,600,000 rows | 262 rows/sec | 6100s elapsed | ETA 39647s
2026-03-24 03:25:47 [INFO]           1,650,000 rows | 270 rows/sec | 6121s elapsed | ETA 38394s
2026-03-24 03:26:07 [INFO]           1,700,000 rows | 277 rows/sec | 6141s elapsed | ETA 37206s
2026-03-24 03:26:25 [INFO]           1,750,000 rows | 284 rows/sec | 6159s elapsed | ETA 36073s
2026-03-24 03:26:42 [INFO]           1,800,000 rows | 291 rows/sec | 6176s elapsed | ETA 35000s
2026-03-24 03:27:03 [INFO]           1,850,000 rows | 299 rows/sec | 6197s elapsed | ETA 33999s
2026-03-24 03:27:23 [INFO]           1,900,000 rows | 306 rows/sec | 6217s elapsed | ETA 33050s
2026-03-24 03:27:45 [INFO]           1,950,000 rows | 313 rows/sec | 6239s elapsed | ETA 32156s
2026-03-24 03:28:09 [INFO]           2,000,000 rows | 319 rows/sec | 6263s elapsed | ETA 31314s
2026-03-24 03:28:35 [INFO]           2,050,000 rows | 326 rows/sec | 6289s elapsed | ETA 30524s
2026-03-24 03:29:00 [INFO]           2,100,000 rows | 333 rows/sec | 6314s elapsed | ETA 29768s
2026-03-24 03:29:23 [INFO]           2,150,000 rows | 339 rows/sec | 6337s elapsed | ETA 29035s
2026-03-24 03:29:45 [INFO]           2,200,000 rows | 346 rows/sec | 6359s elapsed | ETA 28328s
2026-03-24 03:30:07 [INFO]           2,250,000 rows | 353 rows/sec | 6381s elapsed | ETA 27652s
2026-03-24 03:30:28 [INFO]           2,300,000 rows | 359 rows/sec | 6402s elapsed | ETA 27000s
2026-03-24 03:30:49 [INFO]           2,350,000 rows | 366 rows/sec | 6423s elapsed | ETA 26373s
2026-03-24 03:31:10 [INFO]           2,400,000 rows | 372 rows/sec | 6444s elapsed | ETA 25776s
2026-03-24 03:31:16 [INFO]     2025-12-10 to 2025-12-24: 2,414,246 rows
2026-03-24 03:31:16 [INFO]     Processing 2025-12-24 to 2026-01-07...
2026-03-24 03:31:16 [DEBUG]   SQL: 
        SELECT
            h.TrxCode, d.[LineNo], CAST(h.TrxDate AS DATE), CAST(h.TripDate AS DATE),
            h.TrxType, h.PaymentType, h.TRXStatus,
            h.UserCode, u.Description,
        ...
2026-03-24 03:31:16 [INFO]   Querying MSSQL (this may take a while for large tables)...
2026-03-24 03:31:26 [INFO]   MSSQL query returned in 9.7s - starting load...
2026-03-24 03:31:50 [INFO]              50,000 rows | 8 rows/sec | 6484s elapsed | ETA 1549737s
2026-03-24 03:32:15 [INFO]             100,000 rows | 15 rows/sec | 6509s elapsed | ETA 774564s
2026-03-24 03:32:37 [INFO]             150,000 rows | 23 rows/sec | 6531s elapsed | ETA 515980s
2026-03-24 03:32:59 [INFO]             200,000 rows | 31 rows/sec | 6553s elapsed | ETA 386635s
2026-03-24 03:33:20 [INFO]             250,000 rows | 38 rows/sec | 6574s elapsed | ETA 308976s
2026-03-24 03:33:42 [INFO]             300,000 rows | 45 rows/sec | 6596s elapsed | ETA 257234s
2026-03-24 03:34:04 [INFO]             350,000 rows | 53 rows/sec | 6618s elapsed | ETA 220279s
2026-03-24 03:34:25 [INFO]             400,000 rows | 60 rows/sec | 6639s elapsed | ETA 192535s
2026-03-24 03:34:46 [INFO]             450,000 rows | 68 rows/sec | 6660s elapsed | ETA 170930s
2026-03-24 03:35:06 [INFO]             500,000 rows | 75 rows/sec | 6680s elapsed | ETA 153631s
2026-03-24 03:35:25 [INFO]             550,000 rows | 82 rows/sec | 6699s elapsed | ETA 139462s
2026-03-24 03:35:44 [INFO]             600,000 rows | 89 rows/sec | 6718s elapsed | ETA 127643s
2026-03-24 03:36:05 [INFO]             650,000 rows | 96 rows/sec | 6739s elapsed | ETA 117675s
2026-03-24 03:36:28 [INFO]             700,000 rows | 104 rows/sec | 6762s elapsed | ETA 109156s
2026-03-24 03:36:59 [INFO]             750,000 rows | 110 rows/sec | 6793s elapsed | ETA 101900s
2026-03-24 03:37:23 [INFO]             800,000 rows | 117 rows/sec | 6817s elapsed | ETA 95438s
2026-03-24 03:37:51 [INFO]             850,000 rows | 124 rows/sec | 6845s elapsed | ETA 89789s
2026-03-24 03:38:26 [INFO]             900,000 rows | 131 rows/sec | 6880s elapsed | ETA 84859s
2026-03-24 03:39:01 [INFO]             950,000 rows | 137 rows/sec | 6915s elapsed | ETA 80438s
2026-03-24 03:39:37 [INFO]           1,000,000 rows | 144 rows/sec | 6951s elapsed | ETA 76456s
2026-03-24 03:40:05 [INFO]           1,050,000 rows | 150 rows/sec | 6979s elapsed | ETA 72781s
2026-03-24 03:40:31 [INFO]           1,100,000 rows | 157 rows/sec | 7005s elapsed | ETA 69409s
2026-03-24 03:40:57 [INFO]           1,150,000 rows | 164 rows/sec | 7031s elapsed | ETA 66338s
2026-03-24 03:41:20 [INFO]           1,200,000 rows | 170 rows/sec | 7054s elapsed | ETA 63484s
2026-03-24 03:41:42 [INFO]           1,250,000 rows | 177 rows/sec | 7076s elapsed | ETA 60851s
2026-03-24 03:42:05 [INFO]           1,300,000 rows | 183 rows/sec | 7099s elapsed | ETA 58427s
2026-03-24 03:42:27 [INFO]           1,350,000 rows | 190 rows/sec | 7121s elapsed | ETA 56178s
2026-03-24 03:42:49 [INFO]           1,400,000 rows | 196 rows/sec | 7143s elapsed | ETA 54081s
2026-03-24 03:43:09 [INFO]           1,450,000 rows | 202 rows/sec | 7163s elapsed | ETA 52120s
2026-03-24 03:43:30 [INFO]           1,500,000 rows | 209 rows/sec | 7184s elapsed | ETA 50286s
2026-03-24 03:43:54 [INFO]           1,550,000 rows | 215 rows/sec | 7208s elapsed | ETA 48596s
2026-03-24 03:44:20 [INFO]           1,600,000 rows | 221 rows/sec | 7234s elapsed | ETA 47024s
2026-03-24 03:44:44 [INFO]           1,650,000 rows | 227 rows/sec | 7258s elapsed | ETA 45530s
2026-03-24 03:45:07 [INFO]           1,700,000 rows | 233 rows/sec | 7281s elapsed | ETA 44117s
2026-03-24 03:45:29 [INFO]           1,750,000 rows | 240 rows/sec | 7303s elapsed | ETA 42775s
2026-03-24 03:45:50 [INFO]           1,800,000 rows | 246 rows/sec | 7324s elapsed | ETA 41505s
2026-03-24 03:46:11 [INFO]           1,850,000 rows | 252 rows/sec | 7345s elapsed | ETA 40299s
2026-03-24 03:46:32 [INFO]           1,900,000 rows | 258 rows/sec | 7366s elapsed | ETA 39158s
2026-03-24 03:46:53 [INFO]           1,950,000 rows | 264 rows/sec | 7387s elapsed | ETA 38070s
2026-03-24 03:47:16 [INFO]           2,000,000 rows | 270 rows/sec | 7410s elapsed | ETA 37049s
2026-03-24 03:47:38 [INFO]           2,050,000 rows | 276 rows/sec | 7432s elapsed | ETA 36075s
2026-03-24 03:48:01 [INFO]           2,100,000 rows | 282 rows/sec | 7455s elapsed | ETA 35144s
2026-03-24 03:48:23 [INFO]           2,150,000 rows | 288 rows/sec | 7477s elapsed | ETA 34254s
2026-03-24 03:48:44 [INFO]           2,200,000 rows | 293 rows/sec | 7498s elapsed | ETA 33401s
2026-03-24 03:49:05 [INFO]           2,250,000 rows | 299 rows/sec | 7519s elapsed | ETA 32581s
2026-03-24 03:49:24 [INFO]           2,300,000 rows | 305 rows/sec | 7538s elapsed | ETA 31792s
2026-03-24 03:49:44 [INFO]           2,350,000 rows | 311 rows/sec | 7558s elapsed | ETA 31037s
2026-03-24 03:50:04 [INFO]           2,400,000 rows | 317 rows/sec | 7578s elapsed | ETA 30311s
2026-03-24 03:50:17 [INFO]     2025-12-24 to 2026-01-07: 2,433,470 rows
2026-03-24 03:50:17 [INFO]     Processing 2026-01-07 to 2026-01-21...
2026-03-24 03:50:17 [DEBUG]   SQL: 
        SELECT
            h.TrxCode, d.[LineNo], CAST(h.TrxDate AS DATE), CAST(h.TripDate AS DATE),
            h.TrxType, h.PaymentType, h.TRXStatus,
            h.UserCode, u.Description,
        ...
2026-03-24 03:50:17 [INFO]   Querying MSSQL (this may take a while for large tables)...
2026-03-24 03:50:27 [INFO]   MSSQL query returned in 9.9s - starting load...
2026-03-24 03:50:48 [INFO]              50,000 rows | 7 rows/sec | 7622s elapsed | ETA 1821556s
2026-03-24 03:51:06 [INFO]             100,000 rows | 13 rows/sec | 7640s elapsed | ETA 909217s
2026-03-24 03:51:25 [INFO]             150,000 rows | 20 rows/sec | 7659s elapsed | ETA 605046s
2026-03-24 03:51:43 [INFO]             200,000 rows | 26 rows/sec | 7677s elapsed | ETA 452951s
2026-03-24 03:52:15 [INFO]             250,000 rows | 32 rows/sec | 7709s elapsed | ETA 362310s
2026-03-24 03:52:37 [INFO]             300,000 rows | 39 rows/sec | 7732s elapsed | ETA 301529s
2026-03-24 03:52:57 [INFO]             350,000 rows | 45 rows/sec | 7751s elapsed | ETA 258012s
2026-03-24 03:53:17 [INFO]             400,000 rows | 51 rows/sec | 7771s elapsed | ETA 225363s
2026-03-24 03:53:37 [INFO]             450,000 rows | 58 rows/sec | 7791s elapsed | ETA 199981s
2026-03-24 03:54:01 [INFO]             500,000 rows | 64 rows/sec | 7815s elapsed | ETA 179739s
2026-03-24 03:54:23 [INFO]             550,000 rows | 70 rows/sec | 7837s elapsed | ETA 163156s
2026-03-24 03:54:45 [INFO]             600,000 rows | 76 rows/sec | 7859s elapsed | ETA 149322s
2026-03-24 03:55:08 [INFO]             650,000 rows | 82 rows/sec | 7882s elapsed | ETA 137640s
2026-03-24 03:55:39 [INFO]             700,000 rows | 88 rows/sec | 7913s elapsed | ETA 127745s
2026-03-24 03:56:03 [INFO]             750,000 rows | 94 rows/sec | 7937s elapsed | ETA 119049s
2026-03-24 03:56:25 [INFO]             800,000 rows | 101 rows/sec | 7959s elapsed | ETA 111429s
2026-03-24 03:56:48 [INFO]             850,000 rows | 106 rows/sec | 7982s elapsed | ETA 104701s
2026-03-24 03:57:09 [INFO]             900,000 rows | 112 rows/sec | 8003s elapsed | ETA 98708s
2026-03-24 03:57:30 [INFO]             950,000 rows | 118 rows/sec | 8024s elapsed | ETA 93336s
2026-03-24 03:57:51 [INFO]           1,000,000 rows | 124 rows/sec | 8045s elapsed | ETA 88496s
2026-03-24 03:58:12 [INFO]           1,050,000 rows | 130 rows/sec | 8066s elapsed | ETA 84116s
2026-03-24 03:58:31 [INFO]           1,100,000 rows | 136 rows/sec | 8085s elapsed | ETA 80120s
2026-03-24 03:58:51 [INFO]           1,150,000 rows | 142 rows/sec | 8105s elapsed | ETA 76468s
2026-03-24 03:59:10 [INFO]           1,200,000 rows | 148 rows/sec | 8124s elapsed | ETA 73113s
2026-03-24 03:59:28 [INFO]           1,250,000 rows | 154 rows/sec | 8142s elapsed | ETA 70022s
2026-03-24 03:59:47 [INFO]           1,300,000 rows | 159 rows/sec | 8161s elapsed | ETA 67171s
2026-03-24 04:00:09 [INFO]           1,350,000 rows | 165 rows/sec | 8183s elapsed | ETA 64554s
2026-03-24 04:00:32 [INFO]           1,400,000 rows | 171 rows/sec | 8206s elapsed | ETA 62135s
2026-03-24 04:00:55 [INFO]           1,450,000 rows | 176 rows/sec | 8229s elapsed | ETA 59872s
2026-03-24 04:01:16 [INFO]           1,500,000 rows | 182 rows/sec | 8250s elapsed | ETA 57753s
2026-03-24 04:01:37 [INFO]           1,550,000 rows | 187 rows/sec | 8271s elapsed | ETA 55762s
2026-03-24 04:01:57 [INFO]           1,600,000 rows | 193 rows/sec | 8291s elapsed | ETA 53894s
2026-03-24 04:02:17 [INFO]           1,650,000 rows | 199 rows/sec | 8311s elapsed | ETA 52133s
2026-03-24 04:02:36 [INFO]           1,700,000 rows | 204 rows/sec | 8330s elapsed | ETA 50471s
2026-03-24 04:02:55 [INFO]           1,750,000 rows | 210 rows/sec | 8349s elapsed | ETA 48900s
2026-03-24 04:03:18 [INFO]           1,800,000 rows | 215 rows/sec | 8372s elapsed | ETA 47440s
2026-03-24 04:03:43 [INFO]           1,850,000 rows | 220 rows/sec | 8397s elapsed | ETA 46073s
2026-03-24 04:04:07 [INFO]           1,900,000 rows | 226 rows/sec | 8421s elapsed | ETA 44766s
2026-03-24 04:04:30 [INFO]           1,950,000 rows | 231 rows/sec | 8444s elapsed | ETA 43519s
2026-03-24 04:04:53 [INFO]           2,000,000 rows | 236 rows/sec | 8467s elapsed | ETA 42336s
2026-03-24 04:05:15 [INFO]           2,050,000 rows | 242 rows/sec | 8489s elapsed | ETA 41201s
2026-03-24 04:05:37 [INFO]           2,100,000 rows | 247 rows/sec | 8511s elapsed | ETA 40125s
2026-03-24 04:06:01 [INFO]           2,150,000 rows | 252 rows/sec | 8535s elapsed | ETA 39104s
2026-03-24 04:06:24 [INFO]           2,200,000 rows | 257 rows/sec | 8558s elapsed | ETA 38122s
2026-03-24 04:06:49 [INFO]           2,250,000 rows | 262 rows/sec | 8583s elapsed | ETA 37192s
2026-03-24 04:07:13 [INFO]           2,300,000 rows | 267 rows/sec | 8607s elapsed | ETA 36297s
2026-03-24 04:07:35 [INFO]           2,350,000 rows | 272 rows/sec | 8629s elapsed | ETA 35433s
2026-03-24 04:07:57 [INFO]           2,400,000 rows | 277 rows/sec | 8651s elapsed | ETA 34602s
2026-03-24 04:08:18 [INFO]           2,450,000 rows | 283 rows/sec | 8672s elapsed | ETA 33803s
2026-03-24 04:08:33 [INFO]     2026-01-07 to 2026-01-21: 2,483,200 rows
2026-03-24 04:08:33 [INFO]     Processing 2026-01-21 to 2026-02-04...
2026-03-24 04:08:33 [DEBUG]   SQL: 
        SELECT
            h.TrxCode, d.[LineNo], CAST(h.TrxDate AS DATE), CAST(h.TripDate AS DATE),
            h.TrxType, h.PaymentType, h.TRXStatus,
            h.UserCode, u.Description,
        ...
2026-03-24 04:08:33 [INFO]   Querying MSSQL (this may take a while for large tables)...
2026-03-24 04:08:35 [INFO]   MSSQL query returned in 1.8s - starting load...
2026-03-24 04:09:00 [INFO]              50,000 rows | 6 rows/sec | 8714s elapsed | ETA 2082597s
2026-03-24 04:09:21 [INFO]             100,000 rows | 11 rows/sec | 8735s elapsed | ETA 1039479s
2026-03-24 04:09:49 [INFO]             150,000 rows | 17 rows/sec | 8763s elapsed | ETA 692291s
2026-03-24 04:10:15 [INFO]             200,000 rows | 23 rows/sec | 8789s elapsed | ETA 518524s
2026-03-24 04:10:39 [INFO]             250,000 rows | 28 rows/sec | 8813s elapsed | ETA 414231s
2026-03-24 04:11:02 [INFO]             300,000 rows | 34 rows/sec | 8836s elapsed | ETA 344595s
2026-03-24 04:11:24 [INFO]             350,000 rows | 40 rows/sec | 8858s elapsed | ETA 294830s
2026-03-24 04:11:45 [INFO]             400,000 rows | 45 rows/sec | 8879s elapsed | ETA 257486s
2026-03-24 04:12:06 [INFO]             450,000 rows | 51 rows/sec | 8900s elapsed | ETA 228430s
2026-03-24 04:12:26 [INFO]             500,000 rows | 56 rows/sec | 8920s elapsed | ETA 205162s
2026-03-24 04:12:53 [INFO]             550,000 rows | 61 rows/sec | 8947s elapsed | ETA 186261s
2026-03-24 04:13:17 [INFO]             600,000 rows | 67 rows/sec | 8971s elapsed | ETA 170444s
2026-03-24 04:13:39 [INFO]             650,000 rows | 72 rows/sec | 8993s elapsed | ETA 157028s
2026-03-24 04:14:00 [INFO]             700,000 rows | 78 rows/sec | 9014s elapsed | ETA 145517s
2026-03-24 04:14:21 [INFO]             750,000 rows | 83 rows/sec | 9035s elapsed | ETA 135524s
2026-03-24 04:14:41 [INFO]             800,000 rows | 88 rows/sec | 9055s elapsed | ETA 126773s
2026-03-24 04:15:01 [INFO]             850,000 rows | 94 rows/sec | 9075s elapsed | ETA 119038s
2026-03-24 04:15:20 [INFO]             900,000 rows | 99 rows/sec | 9094s elapsed | ETA 112157s
2026-03-24 04:15:38 [INFO]             950,000 rows | 104 rows/sec | 9112s elapsed | ETA 105992s
2026-03-24 04:15:57 [INFO]           1,000,000 rows | 110 rows/sec | 9131s elapsed | ETA 100437s
2026-03-24 04:16:14 [INFO]           1,050,000 rows | 115 rows/sec | 9148s elapsed | ETA 95405s
2026-03-24 04:16:32 [INFO]           1,100,000 rows | 120 rows/sec | 9166s elapsed | ETA 90830s
2026-03-24 04:16:50 [INFO]           1,150,000 rows | 125 rows/sec | 9184s elapsed | ETA 86653s
2026-03-24 04:17:12 [INFO]           1,200,000 rows | 130 rows/sec | 9206s elapsed | ETA 82857s
2026-03-24 04:17:34 [INFO]           1,250,000 rows | 135 rows/sec | 9228s elapsed | ETA 79357s
2026-03-24 04:17:54 [INFO]           1,300,000 rows | 141 rows/sec | 9248s elapsed | ETA 76120s
2026-03-24 04:18:16 [INFO]           1,350,000 rows | 146 rows/sec | 9270s elapsed | ETA 73130s
2026-03-24 04:18:39 [INFO]           1,400,000 rows | 151 rows/sec | 9293s elapsed | ETA 70361s
2026-03-24 04:19:01 [INFO]           1,450,000 rows | 156 rows/sec | 9315s elapsed | ETA 67773s
2026-03-24 04:19:22 [INFO]           1,500,000 rows | 161 rows/sec | 9336s elapsed | ETA 65351s
2026-03-24 04:19:42 [INFO]           1,550,000 rows | 166 rows/sec | 9356s elapsed | ETA 63080s
2026-03-24 04:20:02 [INFO]           1,600,000 rows | 171 rows/sec | 9376s elapsed | ETA 60945s
2026-03-24 04:20:21 [INFO]           1,650,000 rows | 176 rows/sec | 9396s elapsed | ETA 58935s
2026-03-24 04:20:41 [INFO]           1,700,000 rows | 181 rows/sec | 9415s elapsed | ETA 57043s
2026-03-24 04:21:00 [INFO]           1,750,000 rows | 186 rows/sec | 9434s elapsed | ETA 55255s
2026-03-24 04:21:19 [INFO]           1,800,000 rows | 190 rows/sec | 9453s elapsed | ETA 53567s
2026-03-24 04:21:39 [INFO]           1,850,000 rows | 195 rows/sec | 9473s elapsed | ETA 51973s
2026-03-24 04:22:21 [INFO]           1,900,000 rows | 200 rows/sec | 9515s elapsed | ETA 50577s
2026-03-24 04:22:42 [INFO]           1,950,000 rows | 204 rows/sec | 9536s elapsed | ETA 49148s
2026-03-24 04:23:07 [INFO]           2,000,000 rows | 209 rows/sec | 9561s elapsed | ETA 47807s
2026-03-24 04:23:33 [INFO]           2,050,000 rows | 214 rows/sec | 9587s elapsed | ETA 46534s
2026-03-24 04:23:57 [INFO]           2,100,000 rows | 218 rows/sec | 9611s elapsed | ETA 45311s
2026-03-24 04:24:20 [INFO]           2,150,000 rows | 223 rows/sec | 9634s elapsed | ETA 44138s
2026-03-24 04:24:22 [ERROR] FAILED on sales_detail: SSL SYSCALL error: EOF detected

2026-03-24 04:24:22 [DEBUG] Traceback:
Traceback (most recent call last):
  File "D:\vishwa\nfpc_winit\etl\extract.py", line 1208, in main
    loader_fn(ms_conn, pg_conn)
    ~~~~~~~~~^^^^^^^^^^^^^^^^^^
  File "D:\vishwa\nfpc_winit\etl\extract.py", line 561, in load_sales_detail
    total = extract_batch(ms_cur, query, (str(chunk_start), str(chunk_end)),
                          pg_conn, 'rpt_sales_detail', columns)
  File "D:\vishwa\nfpc_winit\etl\extract.py", line 262, in extract_batch
    execute_values(pg_cur, insert_sql, rows, template=template, page_size=batch_size)
    ~~~~~~~~~~~~~~^^^^^^^^^^^^^^^^^^^^^^^^^^^^^^^^^^^^^^^^^^^^^^^^^^^^^^^^^^^^^^^^^^^
  File "C:\Users\vishwa\AppData\Local\Programs\Python\Python314\Lib\site-packages\psycopg2\extras.py", line 1299, in execute_values
    cur.execute(b''.join(parts))
    ~~~~~~~~~~~^^^^^^^^^^^^^^^^^
psycopg2.OperationalError: SSL SYSCALL error: EOF detected

2026-03-24 04:24:22 [ERROR]   FAILED: SSL SYSCALL error: EOF detected

2026-03-24 04:24:22 [INFO] Connecting to PostgreSQL...
2026-03-24 04:24:23 [INFO]   PostgreSQL connected
2026-03-24 04:24:23 [INFO]   Reconnecting to MSSQL...
2026-03-24 04:24:23 [INFO] Connecting to MSSQL...
2026-03-24 04:24:24 [INFO]   MSSQL connected
2026-03-24 04:24:24 [INFO]   MSSQL reconnected
2026-03-24 04:24:24 [INFO] 
════════════════════════════════════════════════════════════
2026-03-24 04:24:24 [INFO]   ETL COMPLETE
2026-03-24 04:24:24 [INFO]   Total time:  416.3 minutes
2026-03-24 04:24:24 [INFO]   Total rows:  48,201,847
2026-03-24 04:24:24 [INFO]   Steps:       19/16
2026-03-24 04:24:24 [INFO]   Log file:    D:\vishwa\nfpc_winit\etl\logs\etl_20260323_212807.log
2026-03-24 04:24:24 [INFO] ════════════════════════════════════════════════════════════
2026-03-24 04:24:24 [INFO] 
  Step                                        Rows     Time         Rate Status
2026-03-24 04:24:24 [INFO]   ─────────────────────────────────── ──────────── ──────── ──────────── ────────
2026-03-24 04:24:24 [INFO]   Dimensions (6 simple tables)                 528    17.9s         29/s  done
2026-03-24 04:24:24 [INFO]   dim_user (flat with roles/details/depot/location)        1,133     4.1s        275/s  done
2026-03-24 04:24:24 [INFO]   dim_item (flat with groups + UOM)          4,962    13.8s        360/s  done
2026-03-24 04:24:24 [INFO]   dim_customer                             119,482   282.9s        422/s  done
2026-03-24 04:24:24 [INFO]   rpt_holidays                                  58     2.0s         30/s  done
2026-03-24 04:24:24 [INFO]   rpt_targets                                  162     1.4s        115/s  done
2026-03-24 04:24:24 [INFO]   rpt_coverage_summary                      43,790     9.6s      4,553/s  done
2026-03-24 04:24:24 [INFO]   rpt_route_sales_collection                14,358     3.7s      3,901/s  done
2026-03-24 04:24:24 [INFO]   rpt_route_sales_summary_by_item        1,419,830   237.3s      5,983/s  done
2026-03-24 04:24:24 [INFO]   rpt_route_sales_by_item_customer       4,806,514   933.9s      5,147/s  done
2026-03-24 04:24:24 [INFO]   rpt_invoice_totals                     1,363,076   274.5s      4,966/s  done
2026-03-24 04:24:24 [INFO]   rpt_eot                                   46,233     8.5s      5,444/s  done
2026-03-24 04:24:24 [INFO]   rpt_journeys                              47,419    10.2s      4,653/s  done
2026-03-24 04:24:24 [INFO]   rpt_collections                        1,802,029   354.8s      5,079/s  done
2026-03-24 04:24:24 [INFO]   rpt_customer_visits                    1,915,620  3080.4s        622/s  done
2026-03-24 04:24:24 [INFO]   rpt_journey_plan                       1,988,189   307.1s      6,473/s  done
2026-03-24 04:24:24 [INFO]   rpt_outstanding                       22,931,285  6169.9s      3,717/s  done
2026-03-24 04:24:24 [INFO]   rpt_daily_sales_summary               11,697,179  3625.4s      3,226/s  done
2026-03-24 04:24:24 [INFO]   rpt_sales_detail                               0  9635.6s          0/s  FAILED
2026-03-24 04:24:24 [INFO] 
  FAILED STEPS: ['sales_detail']
2026-03-24 04:24:24 [INFO]   Re-run with: python etl/extract.py --table <name>
